,Drug Original Name,Concentration,Presentation,Pharmaceutical Form
0,HYDROCHLOROTHIAZIDE, 25 MG,,
1,LOSARTAN POTASSIUM, 50 MG,,
2,DIGOXINE,0.25 MG,,
3,DIGOXINE,0.25 MG,,
4,LOSARTAN POTASSIUM, 50 MG,,
5,HYDROCHLOROTHIAZIDE, 25 MG,,
6,HYDROCHLOROTHIAZIDE, 25 MG,,
7,HYDROCHLOROTHIAZIDE, 25 MG,,
8,HYDROCHLOROTHIAZIDE, 25 MG,,
9,HYDROCHLOROTHIAZIDE, 25 MG,,
10,HYDROCHLOROTHIAZIDE, 25 MG,,
11,HYDROCHLOROTHIAZIDE, 25 MG,,
12,HYDROCHLOROTHIAZIDE, 25 MG,,
13,HYDROCHLOROTHIAZIDE, 25 MG,,
14,HYDROCHLOROTHIAZIDE, 25 MG,,
15,HYDROCHLOROTHIAZIDE, 25 MG,,
16,HYDROCHLOROTHIAZIDE, 25 MG,,
17,HYDROCHLOROTHIAZIDE, 25 MG,,
18,HYDROCHLOROTHIAZIDE, 25 MG,,
19,HYDROCHLOROTHIAZIDE, 25 MG,,
20,HYDROCHLOROTHIAZIDE, 25 MG,,
21,HYDROCHLOROTHIAZIDE, 25 MG,,
22,HYDROCHLOROTHIAZIDE, 25 MG,,
23,HYDROCHLOROTHIAZIDE, 25 MG,,
24,HYDROCHLOROTHIAZIDE, 25 MG,,
25,HYDROCHLOROTHIAZIDE, 25 MG,,
26,HYDROCHLOROTHIAZIDE, 25 MG,,
27,HYDROCHLOROTHIAZIDE, 25 MG,,
28,HYDROCHLOROTHIAZIDE, 25 MG,,
29,HYDROCHLOROTHIAZIDE, 25 MG,,
30,HYDROCHLOROTHIAZIDE, 25 MG,,
31,HYDROCHLOROTHIAZIDE, 25 MG,,
32,HYDROCHLOROTHIAZIDE, 25 MG,,
33,HYDROCHLOROTHIAZIDE, 25 MG,,
34,HYDROCHLOROTHIAZIDE, 25 MG,,
35,HYDROCHLOROTHIAZIDE, 25 MG,,
36,HYDROCHLOROTHIAZIDE, 25 MG,,
37,HYDROCHLOROTHIAZIDE, 25 MG,,
38,HYDROCHLOROTHIAZIDE, 25 MG,,
39,HYDROCHLOROTHIAZIDE, 25 MG,,
40,HYDROCHLOROTHIAZIDE, 25 MG,,
41,HYDROCHLOROTHIAZIDE, 25 MG,,
42,HYDROCHLOROTHIAZIDE, 25 MG,,
43,HYDROCHLOROTHIAZIDE, 25 MG,,
44,HYDROCHLOROTHIAZIDE, 25 MG,,
45,HYDROCHLOROTHIAZIDE, 25 MG,,
46,HYDROCHLOROTHIAZIDE, 25 MG,,
47,HYDROCHLOROTHIAZIDE, 25 MG,,
48,HYDROCHLOROTHIAZIDE, 25 MG,,
49,HYDROCHLOROTHIAZIDE, 25 MG,,
50,HYDROCHLOROTHIAZIDE, 25 MG,,
51,HYDROCHLOROTHIAZIDE, 25 MG,,
52,HYDROCHLOROTHIAZIDE, 25 MG,,
53,HYDROCHLOROTHIAZIDE, 25 MG,,
54,HYDROCHLOROTHIAZIDE, 25 MG,,
55,HYDROCHLOROTHIAZIDE, 25 MG,,
56,HYDROCHLOROTHIAZIDE, 25 MG,,
57,HYDROCHLOROTHIAZIDE, 25 MG,,
58,HYDROCHLOROTHIAZIDE, 25 MG,,
59,HYDROCHLOROTHIAZIDE, 25 MG,,
60,HYDROCHLOROTHIAZIDE, 25 MG,,
61,HYDROCHLOROTHIAZIDE, 25 MG,,
62,HYDROCHLOROTHIAZIDE, 25 MG,,
63,HYDROCHLOROTHIAZIDE, 25 MG,,
64,HYDROCHLOROTHIAZIDE, 25 MG,,
65,HYDROCHLOROTHIAZIDE, 25 MG,,
66,HYDROCHLOROTHIAZIDE, 25 MG,,
67,HYDROCHLOROTHIAZIDE, 25 MG,,
68,HYDROCHLOROTHIAZIDE, 25 MG,,
69,HYDROCHLOROTHIAZIDE, 25 MG,,
70,HYDROCHLOROTHIAZIDE, 25 MG,,
71,HYDROCHLOROTHIAZIDE, 25 MG,,
72,HYDROCHLOROTHIAZIDE, 25 MG,,
73,HYDROCHLOROTHIAZIDE, 25 MG,,
74,HYDROCHLOROTHIAZIDE, 25 MG,,
75,HYDROCHLOROTHIAZIDE, 25 MG,,
76,HYDROCHLOROTHIAZIDE, 25 MG,,
77,HYDROCHLOROTHIAZIDE, 25 MG,,
78,HYDROCHLOROTHIAZIDE, 25 MG,,
79,HYDROCHLOROTHIAZIDE, 25 MG,,
80,HYDROCHLOROTHIAZIDE, 25 MG,,
81,HYDROCHLOROTHIAZIDE, 25 MG,,
82,HYDROCHLOROTHIAZIDE, 25 MG,,
83,HYDROCHLOROTHIAZIDE, 25 MG,,
84,HYDROCHLOROTHIAZIDE, 25 MG,,
85,HYDRALAZINE, 50 MG,,
86,HYDROCHLOROTHIAZIDE, 25 MG,,
87,HYDROCHLOROTHIAZIDE, 25 MG,,
88,HYDROCHLOROTHIAZIDE, 25 MG,,
89,HYDROCHLOROTHIAZIDE, 25 MG,,
90,HYDROCHLOROTHIAZIDE, 25 MG,,
91,HYDROCHLOROTHIAZIDE, 25 MG,,
92,HYDROCHLOROTHIAZIDE, 25 MG,,
93,HYDROCHLOROTHIAZIDE, 25 MG,,
94,HYDROCHLOROTHIAZIDE, 25 MG,,
95,HYDROCHLOROTHIAZIDE, 25 MG,,
96,HYDROCHLOROTHIAZIDE, 25 MG,,
97,HYDROCHLOROTHIAZIDE, 25 MG,,
98,HYDROCHLOROTHIAZIDE, 25 MG,,
99,HYDROCHLOROTHIAZIDE, 25 MG,,
100,HYDROCHLOROTHIAZIDE, 25 MG,,
101,HYDROCHLOROTHIAZIDE, 25 MG,,
102,HYDROCHLOROTHIAZIDE, 25 MG,,
103,HYDROCHLOROTHIAZIDE, 25 MG,,
104,HYDROCHLOROTHIAZIDE, 25 MG,,
105,HYDROCHLOROTHIAZIDE, 25 MG,,
106,HYDROCHLOROTHIAZIDE, 25 MG,,
107,HYDROCHLOROTHIAZIDE, 25 MG,,
108,HYDROCHLOROTHIAZIDE, 25 MG,,
109,HYDROCHLOROTHIAZIDE, 25 MG,,
110,HYDROCHLOROTHIAZIDE, 25 MG,,
111,HYDROCHLOROTHIAZIDE, 25 MG,,
112,HYDROCHLOROTHIAZIDE, 25 MG,,
113,HYDROCHLOROTHIAZIDE, 25 MG,,
114,HYDROCHLOROTHIAZIDE, 25 MG,,
115,HYDROCHLOROTHIAZIDE, 25 MG,,
116,HYDROCHLOROTHIAZIDE, 25 MG,,
117,HYDROCHLOROTHIAZIDE, 25 MG,,
118,HYDROCHLOROTHIAZIDE, 25 MG,,
119,HYDROCHLOROTHIAZIDE, 25 MG,,
120,HYDROCHLOROTHIAZIDE, 25 MG,,
121,HYDROCHLOROTHIAZIDE, 25 MG,,
122,HYDROCHLOROTHIAZIDE, 25 MG,,
123,HYDROCHLOROTHIAZIDE, 25 MG,,
124,HYDROCHLOROTHIAZIDE, 25 MG,,
125,LOSARTAN POTASSIUM, 50 MG,,
126,HYDROCHLOROTHIAZIDE, 25 MG,,
127,HYDROCHLOROTHIAZIDE, 25 MG,,
128,HYDROCHLOROTHIAZIDE, 25 MG,,
129,HYDROCHLOROTHIAZIDE, 25 MG,,
130,HYDROCHLOROTHIAZIDE, 25 MG,,
131,HYDROCHLOROTHIAZIDE, 25 MG,,
132,HYDROCHLOROTHIAZIDE, 25 MG,,
133,HYDROCHLOROTHIAZIDE, 25 MG,,
134,HYDROCHLOROTHIAZIDE, 25 MG,,
135,HYDROCHLOROTHIAZIDE, 25 MG,,
136,HYDROCHLOROTHIAZIDE, 25 MG,,
137,HYDROCHLOROTHIAZIDE, 25 MG,,
138,HYDROCHLOROTHIAZIDE, 25 MG,,
139,HYDROCHLOROTHIAZIDE, 25 MG,,
140,HYDROCHLOROTHIAZIDE, 25 MG,,
141,HYDROCHLOROTHIAZIDE, 25 MG,,
142,HYDROCHLOROTHIAZIDE, 25 MG,,
143,HYDROCHLOROTHIAZIDE, 25 MG,,
144,HYDROCHLOROTHIAZIDE, 25 MG,,
145,HYDROCHLOROTHIAZIDE, 25 MG,,
146,HYDROCHLOROTHIAZIDE, 25 MG,,
147,HYDROCHLOROTHIAZIDE, 25 MG,,
148,HYDROCHLOROTHIAZIDE, 25 MG,,
149,HYDROCHLOROTHIAZIDE, 25 MG,,
150,HYDROCHLOROTHIAZIDE, 25 MG,,
151,HYDROCHLOROTHIAZIDE, 25 MG,,
152,HYDROCHLOROTHIAZIDE, 25 MG,,
153,HYDROCHLOROTHIAZIDE, 25 MG,,
154,HYDROCHLOROTHIAZIDE, 25 MG,,
155,HYDROCHLOROTHIAZIDE, 25 MG,,
156,HYDROCHLOROTHIAZIDE, 25 MG,,
157,HYDROCHLOROTHIAZIDE, 25 MG,,
158,HYDROCHLOROTHIAZIDE, 25 MG,,
159,HYDROCHLOROTHIAZIDE, 25 MG,,
160,HYDROCHLOROTHIAZIDE, 25 MG,,
161,HYDROCHLOROTHIAZIDE, 25 MG,,
162,HYDROCHLOROTHIAZIDE, 25 MG,,
163,HYDROCHLOROTHIAZIDE, 25 MG,,
164,HYDROCHLOROTHIAZIDE, 25 MG,,
165,HYDROCHLOROTHIAZIDE, 25 MG,,
166,HYDROCHLOROTHIAZIDE, 25 MG,,
167,HYDROCHLOROTHIAZIDE, 50 MG,,
168,HYDROCHLOROTHIAZIDE, 25 MG,,
169,HYDROCHLOROTHIAZIDE, 50 MG,,
170,HYDROCHLOROTHIAZIDE, 25 MG,,
171,HYDROCHLOROTHIAZIDE, 25 MG,,
172,HYDROCHLOROTHIAZIDE, 25 MG,,
173,HYDROCHLOROTHIAZIDE, 25 MG,,
174,HYDROCHLOROTHIAZIDE, 25 MG,,
175,HYDROCHLOROTHIAZIDE, 25 MG,,
176,HYDROCHLOROTHIAZIDE, 25 MG,,
177,HYDROCHLOROTHIAZIDE, 25 MG,,
178,HYDROCHLOROTHIAZIDE, 25 MG,,
179,HYDROCHLOROTHIAZIDE, 25 MG,,
180,HYDROCHLOROTHIAZIDE, 25 MG,,
181,HYDROCHLOROTHIAZIDE, 25 MG,,
182,DIGOXINE,0.25 MG,,
183,HYDROCHLOROTHIAZIDE, 25 MG,,
184,HYDROCHLOROTHIAZIDE, 25 MG,,
185,LOSARTAN POTASSIUM, 50 MG,,
186,LOSARTAN POTASSIUM, 50 MG,,
187,HYDROCHLOROTHIAZIDE, 25 MG,,
188,HYDROCHLOROTHIAZIDE, 25 MG,,
189,HYDROCHLOROTHIAZIDE, 50 MG,,
190,HYDROCHLOROTHIAZIDE, 50 MG,,
191,HYDROCHLOROTHIAZIDE, 50 MG,,
192,LOSARTAN POTASSIUM, 50 MG,,
193,HYDROCHLOROTHIAZIDE, 50 MG,,
194,LOSARTAN POTASSIUM, 50 MG,,
195,LOSARTAN POTASSIUM, 50 MG,,
196,LOSARTAN POTASSIUM, 50 MG,,
197,LOSARTAN POTASSIUM, 50 MG,,
198,LOSARTAN POTASSIUM, 50 MG,,
199,HYDROCHLOROTHIAZIDE, 50 MG,,
200,LOSARTAN POTASSIUM, 50 MG,,
201,LOSARTAN POTASSIUM, 50 MG,,
202,HYDROCHLOROTHIAZIDE, 25 MG,,
203,LOSARTAN POTASSIUM, 50 MG,,
204,HYDROCHLOROTHIAZIDE, 50 MG,,
205,LOSARTAN POTASSIUM, 50 MG,,
206,LOSARTAN POTASSIUM, 50 MG,,
207,HYDROCHLOROTHIAZIDE, 25 MG,,
208,HYDROCHLOROTHIAZIDE, 50 MG,,
209,LOSARTAN POTASSIUM, 50 MG,,
210,LOSARTAN POTASSIUM, 50 MG,,
211,LOSARTAN POTASSIUM, 50 MG,,
212,LOSARTAN POTASSIUM, 50 MG,,
213,LOSARTAN POTASSIUM, 50 MG,,
214,LOSARTAN POTASSIUM, 50 MG,,
215,LOSARTAN POTASSIUM, 50 MG,,
216,LOSARTAN POTASSIUM, 50 MG,,
217,LOSARTAN POTASSIUM, 50 MG,,
218,LOSARTAN POTASSIUM, 50 MG,,
219,HYDROCHLOROTHIAZIDE, 25 MG,,
220,HYDROCHLOROTHIAZIDE, 25 MG,,
221,HYDROCHLOROTHIAZIDE, 25 MG,,
222,HYDROCHLOROTHIAZIDE, 25 MG,,
223,HYDROCHLOROTHIAZIDE, 50 MG,,
224,HYDROCHLOROTHIAZIDE, 50 MG,,
225,HYDROCHLOROTHIAZIDE, 50 MG,,
226,HYDROCHLOROTHIAZIDE, 50 MG,,
227,HYDROCHLOROTHIAZIDE, 50 MG,,
228,HYDROCHLOROTHIAZIDE, 50 MG,,
229,LOSARTAN POTASSIUM, 50 MG,,
230,LOSARTAN POTASSIUM, 50 MG,,
231,LOSARTAN POTASSIUM, 50 MG,,
232,DIGOXINE,0.25 MG,,
233,LOSARTAN POTASSIUM, 50 MG,,
234,LOSARTAN POTASSIUM, 50 MG,,
235,DIGOXINE,0.25 MG,,
236,DIGOXINE,0.25 MG,,
237,LOSARTAN POTASSIUM, 50 MG,,
238,LOSARTAN POTASSIUM, 50 MG,,
239,LOSARTAN POTASSIUM, 50 MG,,
240,DIGOXINE,0.25 MG,,
241,LOSARTAN POTASSIUM, 50 MG,,
242,LOSARTAN POTASSIUM, 50 MG,,
243,LOSARTAN POTASSIUM, 50 MG,,
244,LOSARTAN POTASSIUM, 50 MG,,
245,LOSARTAN POTASSIUM, 50 MG,,
246,LOSARTAN POTASSIUM, 50 MG,,
247,DIGOXINE,0.25 MG,,
248,DIGOXINE,0.25 MG,,
249,DIGOXINE,0.25 MG,,
250,DIGOXINE,0.25 MG,,
251,DIGOXINE,0.25 MG,,
252,DIGOXINE,0.25 MG,,
253,DIGOXINE,0.25 MG,,
254,DIGOXINE,0.25 MG,,
255,DIGOXINE,0.25 MG,,
256,DIGOXINE,0.25 MG,,
257,DIGOXINE,0.25 MG,,
258,DIGOXINE,0.25 MG,,
259,DIGOXINE,0.25 MG,,
260,DIGOXINE,0.25 MG,,
261,HYDROCHLOROTHIAZIDE, 50 MG,,
262,HYDROCHLOROTHIAZIDE, 50 MG,,
263,HYDROCHLOROTHIAZIDE, 50 MG,,
264,LOSARTAN POTASSIUM, 50 MG,,
265,LOSARTAN POTASSIUM, 50 MG,,
266,LOSARTAN POTASSIUM, 50 MG,,
267,HYDROCHLOROTHIAZIDE, 25 MG,,
268,LOSARTAN POTASSIUM, 50 MG,,
269,LOSARTAN POTASSIUM, 50 MG,,
270,LOSARTAN POTASSIUM, 50 MG,,
271,LOSARTAN POTASSIUM, 50 MG,,
272,LOSARTAN POTASSIUM, 50 MG,,
273,LOSARTAN POTASSIUM, 50 MG,,
274,LOSARTAN POTASSIUM, 50 MG,,
275,LOSARTAN POTASSIUM, 50 MG,,
276,LOSARTAN POTASSIUM, 50 MG,,
277,DIGOXINE,0.25 MG,,
278,DIGOXINE,0.25 MG,,
279,DIGOXINE,0.25 MG,,
280,DIGOXINE,0.25 MG,,
281,DIGOXINE,0.25 MG,,
282,DIGOXINE,0.25 MG,,
283,DIGOXINE,0.25 MG,,
284,DIGOXINE,0.25 MG,,
285,DIGOXINE,0.25 MG,,
286,DIGOXINE,0.25 MG,,
287,DIGOXINE,0.25 MG,,
288,DIGOXINE,0.25 MG,,
289,DIGOXINE,0.25 MG,,
290,DIGOXINE,0.25 MG,,
291,DIGOXINE,0.25 MG,,
292,DIGOXINE,0.25 MG,,
293,DIGOXINE,0.25 MG,,
294,DIGOXINE,0.25 MG,,
295,LOSARTAN POTASSIUM, 50 MG,,
296,LOSARTAN POTASSIUM, 50 MG,,
297,DIGOXINE,0.25 MG,,
298,LOSARTAN POTASSIUM, 50 MG,,
299,LOSARTAN POTASSIUM, 50 MG,,
300,LOSARTAN POTASSIUM, 50 MG,,
301,DIGOXINE,0.25 MG,,
302,DIGOXINE,0.25 MG,,
303,DIGOXINE,0.25 MG,,
304,DIGOXINE,0.25 MG,,
305,DIGOXINE,0.25 MG,,
306,DIGOXINE,0.25 MG,,
307,LOSARTAN POTASSIUM, 50 MG,,
308,DIGOXINE,0.25 MG,,
309,LOSARTAN POTASSIUM, 50 MG,,
310,DIGOXINE,0.25 MG,,
311,DIGOXINE,0.25 MG,,
312,DIGOXINE,0.25 MG,,
313,DIGOXINE,0.25 MG,,
314,DIGOXINE,0.25 MG,,
315,LOSARTAN POTASSIUM, 50 MG,,
316,LOSARTAN POTASSIUM, 50 MG,,
317,DIGOXINE,0.25 MG,,
318,DIGOXINE,0.25 MG,,
319,LOSARTAN POTASSIUM, 50 MG,,
320,LOSARTAN POTASSIUM, 50 MG,,
321,LOSARTAN POTASSIUM, 50 MG,,
322,LOSARTAN POTASSIUM, 50 MG,,
323,LOSARTAN POTASSIUM, 50 MG,,
324,LOSARTAN POTASSIUM, 50 MG,,
325,LOSARTAN POTASSIUM, 50 MG,,
326,LOSARTAN POTASSIUM, 50 MG,,
327,DIGOXINE,0.25 MG,,
328,LOSARTAN POTASSIUM, 50 MG,,
329,DIGOXINE,0.25 MG,,
330,LOSARTAN POTASSIUM, 50 MG,,
331,LOSARTAN POTASSIUM, 50 MG,,
332,LOSARTAN POTASSIUM, 50 MG,,
333,DIGOXINE,0.25 MG,,
334,LOSARTAN POTASSIUM, 50 MG,,
335,DIGOXINE,0.25 MG,,
336,DIGOXINE,0.25 MG,,
337,LOSARTAN POTASSIUM, 50 MG,,
338,LOSARTAN POTASSIUM, 50 MG,,
339,LOSARTAN POTASSIUM, 50 MG,,
340,DIGOXINE,0.25 MG,,
341,DIGOXINE,0.25 MG,,
342,LOSARTAN POTASSIUM, 50 MG,,
343,LOSARTAN POTASSIUM, 50 MG,,
344,DIGOXINE,0.25 MG,,
345,DIGOXINE,0.25 MG,,
346,DIGOXINE,0.25 MG,,
347,LOSARTAN POTASSIUM, 50 MG,,
348,HYDROCHLOROTHIAZIDE, 25 MG,,
349,HYDROCHLOROTHIAZIDE, 25 MG,,
350,LOSARTAN POTASSIUM, 50 MG,,
351,LOSARTAN POTASSIUM, 50 MG,,
352,LOSARTAN POTASSIUM, 50 MG,,
353,LOSARTAN POTASSIUM, 50 MG,,
354,LOSARTAN POTASSIUM, 50 MG,,
355,LOSARTAN POTASSIUM, 50 MG,,
356,LOSARTAN POTASSIUM, 50 MG,,
357,LOSARTAN POTASSIUM, 50 MG,,
358,LOSARTAN POTASSIUM, 50 MG,,
359,LOSARTAN POTASSIUM, 50 MG,,
360,LOSARTAN POTASSIUM, 50 MG,,
361,LOSARTAN POTASSIUM, 50 MG,,
362,LOSARTAN POTASSIUM, 50 MG,,
363,LOSARTAN POTASSIUM, 50 MG,,
364,LOSARTAN POTASSIUM, 50 MG,,
365,LOSARTAN POTASSIUM, 50 MG,,
366,LOSARTAN POTASSIUM, 50 MG,,
367,LOSARTAN POTASSIUM, 50 MG,,
368,LOSARTAN POTASSIUM, 50 MG,,
369,LOSARTAN POTASSIUM, 50 MG,,
370,LOSARTAN POTASSIUM, 50 MG,,
371,LOSARTAN POTASSIUM, 50 MG,,
372,LOSARTAN POTASSIUM, 50 MG,,
373,LOSARTAN POTASSIUM, 50 MG,,
374,LOSARTAN POTASSIUM, 50 MG,,
375,LOSARTAN POTASSIUM, 50 MG,,
376,LOSARTAN POTASSIUM, 50 MG,,
377,LOSARTAN POTASSIUM, 50 MG,,
378,LOSARTAN POTASSIUM, 50 MG,,
379,LOSARTAN POTASSIUM, 50 MG,,
380,LOSARTAN POTASSIUM, 50 MG,,
381,LOSARTAN POTASSIUM, 50 MG,,
382,DIGOXINE,0.25 MG,,
383,DIGOXINE,0.25 MG,,
384,DIGOXINE,0.25 MG,,
385,DIGOXINE,0.25 MG,,
386,DIGOXINE,0.25 MG,,
387,DIGOXINE,0.25 MG,,
388,DIGOXINE,0.25 MG,,
389,DIGOXINE,0.25 MG,,
390,DIGOXINE,0.25 MG,,
391,DIGOXINE,0.25 MG,,
392,DIGOXIN,0.25 MG/ML,, INJECTABLE SOLUTION
393,DIGOXINE,0.25 MG,,
394,DIGOXINE,0.25 MG,,
395,DIGOXINE,0.25 MG,,
396,DIGOXINE,0.25 MG,,
397,DIGOXINE,0.25 MG,,
398,DIGOXINE,0.25 MG,,
399,DIGOXINE,0.25 MG,,
400,DIGOXINE,0.25 MG,,
401,DIGOXINE,0.25 MG,,
402,DIGOXINE,0.25 MG,,
403,DIGOXINE,0.25 MG,,
404,DIGOXINE,0.25 MG,,
405,DIGOXINE,0.25 MG,,
406,LOSARTAN POTASSIUM, 50 MG,,
407,LOSARTAN POTASSIUM, 50 MG,,
408,DIGOXINE,0.25 MG,,
409,LOSARTAN POTASSIUM, 50 MG,,
410,LOSARTAN POTASSIUM, 50 MG,,
411,LOSARTAN POTASSIUM, 50 MG,,
412,HYDROCHLOROTHIAZIDE, 25 MG,,
413,LOSARTAN POTASSIUM, 50 MG,,
414,DIGOXINE,0.25 MG,,
415,LOSARTAN POTASSIUM, 50 MG,,
416,LOSARTAN POTASSIUM, 50 MG,,
417,LOSARTAN POTASSIUM, 50 MG,,
418,LOSARTAN POTASSIUM, 50 MG,,
419,LOSARTAN POTASSIUM, 50 MG,,
420,LOSARTAN POTASSIUM, 50 MG,,
421,LOSARTAN POTASSIUM, 50 MG,,
422,DIGOXINE,0.25 MG,,
423,LOSARTAN POTASSIUM, 50 MG,,
424,LOSARTAN POTASSIUM, 50 MG,,
425,LOSARTAN POTASSIUM, 50 MG,,
426,LOSARTAN POTASSIUM, 50 MG,,
427,LOSARTAN POTASSIUM, 50 MG,,
428,LOSARTAN POTASSIUM, 50 MG,,
429,LOSARTAN POTASSIUM, 50 MG,,
430,LOSARTAN POTASSIUM, 50 MG,,
431,LOSARTAN POTASSIUM, 100 MG,,
432,DIGOXINE,0.25 MG,,
433,HYDROCHLOROTHIAZIDE, 25 MG,,
434,HYDROCHLOROTHIAZIDE, 25 MG,,
435,LOSARTAN POTASSIUM, 50 MG,,
436,HYDROCHLOROTHIAZIDE, 25 MG,,
437,DIGOXINE,0.25 MG,,
438,LOSARTAN POTASSIUM, 50 MG,,
439,LOSARTAN POTASSIUM, 50 MG,,
440,LOSARTAN POTASSIUM, 50 MG,,
441,DIGOXINE,0.25 MG,,
442,DIGOXINE,0.25 MG,,
443,DIGOXINE,0.25 MG,,
444,DIGOXINE,0.25 MG,,
445,DIGOXINE,0.25 MG,,
446,LOSARTAN POTASSIUM,,,
447,HYDROCHLOROTHIAZIDE, 25 MG,,
448,LOSARTAN POTASSIUM, 50 MG,,
449,LOSARTAN POTASSIUM, 50 MG,,
450,LOSARTAN POTASSIUM, 50 MG,,
451,LOSARTAN POTASSIUM, 50 MG,,
452,LOSARTAN POTASSIUM, 50 MG,,
453,LOSARTAN POTASSIUM, 50 MG,,
454,LOSARTAN POTASSIUM, 50 MG,,
455,LOSARTAN POTASSIUM, 50 MG,,
456,LOSARTAN POTASSIUM, 50 MG,,
457,LOSARTAN POTASSIUM, 50 MG,,
458,LOSARTAN POTASSIUM, 50 MG,,
459,LOSARTAN POTASSIUM, 50 MG,,
460,LOSARTAN POTASSIUM, 50 MG,,
461,LOSARTAN POTASSIUM, 50 MG,,
462,LOSARTAN POTASSIUM, 50 MG,,
463,LOSARTAN POTASSIUM, 50 MG,,
464,LOSARTAN POTASSIUM, 50 MG,,
465,LOSARTAN POTASSIUM, 50 MG,,
466,LOSARTAN POTASSIUM, 50 MG,,
467,DIGOXINE,0.25 MG,,
468,LOSARTAN POTASSIUM, 50 MG,,
469,DIGOXINE,0.25 MG,,
470,DIGOXINE,0.25 MG,,
471,DIGOXINE,0.25 MG,,
472,DIGOXINE,0.25 MG,,
473,DIGOXINE,0.25 MG,,
474,DIGOXINE,0.25 MG,,
475,DIGOXINE,0.25 MG,,
476,DIGOXINE,0.25 MG,,
477,DIGOXINE,0.25 MG,,
478,DIGOXINE,0.25 MG,,
479,LOSARTAN POTASSIUM, 50 MG,,
480,LOSARTAN POTASSIUM, 50 MG,,
481,LOSARTAN POTASSIUM, 50 MG,,
482,DIGOXINE,0.25 MG,,
483,DIGOXINE,0.25 MG,,
484,DIGOXINE,0.25 MG,,
485,DIGOXINE,0.25 MG,,
486,LOSARTAN POTASSIUM, 50 MG,,
487,LOSARTAN POTASSIUM, 50 MG,,
488,LOSARTAN POTASSIUM, 50 MG,,
489,LOSARTAN POTASSIUM, 50 MG,,
490,DIGOXINE,0.25 MG,,
491,LOSARTAN POTASSIUM, 50 MG,,
492,LOSARTAN POTASSIUM,,,
493,DIGOXINE,0.25 MG,,
494,DIGOXINE,0.25 MG,,
495,DIGOXINE,0.25 MG,,
496,DIGOXINE,0.25 MG,,
497,DIGOXINE,0.25 MG,,
498,DIGOXINE,0.25 MG,,
499,LOSARTAN POTASSIUM, 50 MG,,
500,LOSARTAN POTASSIUM, 50 MG,,
501,LOSARTAN POTASSIUM, 50 MG,,
502,LOSARTAN POTASSIUM, 50 MG,,
503,LOSARTAN POTASSIUM, 50 MG,,
504,LOSARTAN POTASSIUM, 50 MG,,
505,LOSARTAN POTASSIUM, 50 MG,,
506,LOSARTAN POTASSIUM, 50 MG,,
507,LOSARTAN POTASSIUM, 50 MG,,
508,LOSARTAN POTASSIUM, 50 MG,,
509,LOSARTAN POTASSIUM, 50 MG,,
510,LOSARTAN POTASSIUM, 50 MG,,
511,LOSARTAN POTASSIUM, 50 MG,,
512,LOSARTAN POTASSIUM, 50 MG,,
513,LOSARTAN POTASSIUM, 50 MG,,
514,LOSARTAN POTASSIUM, 50 MG,,
515,HYDROCHLOROTHIAZIDE, 25 MG,,
516,HYDROCHLOROTHIAZIDE, 25 MG,,
517,HYDROCHLOROTHIAZIDE, 50 MG,,
518,DIGOXINE,0.25 MG,,
519,HYDROCHLOROTHIAZIDE, 25 MG,,
520,LOSARTAN POTASSIUM, 50 MG,,
521,DIGOXINE,0.25 MG,,
522,HYDROCHLOROTHIAZIDE, 25 MG,,
523,DIGOXINE,0.25 MG,,
524,DIGOXINE,0.25 MG,,
525,DIGOXINE,0.25 MG,,
526,DIGOXINE,0.25 MG,,
527,HYDROCHLOROTHIAZIDE, 25 MG,,
528,LOSARTAN POTASSIUM,,,
529,LOSARTAN POTASSIUM, 50 MG,,
530,LOSARTAN POTASSIUM, 50 MG,,
531,LOSARTAN POTASSIUM, 50 MG,,
532,LOSARTAN POTASSIUM, 50 MG,,
533,LOSARTAN POTASSIUM, 50 MG,,
534,LOSARTAN POTASSIUM, 50 MG,,
535,LOSARTAN POTASSIUM, 50 MG,,
536,LOSARTAN POTASSIUM, 50 MG,,
537,LOSARTAN POTASSIUM, 50 MG,,
538,DIGOXINE,0.25 MG,,
539,DIGOXINE,0.25 MG,,
540,HYDROCHLOROTHIAZIDE, 25 MG,,
541,DIGOXINE,0.25 MG,,
542,DIGOXINE,0.25 MG,,
543,DIGOXINE,0.25 MG,,
544,HYDROCHLOROTHIAZIDE, 50 MG,,
545,DIGOXINE,0.25 MG,,
546,LOSARTAN POTASSIUM, 50 MG,,
547,LOSARTAN POTASSIUM, 50 MG,,
548,LOSARTAN POTASSIUM, 50 MG,,
549,LOSARTAN POTASSIUM, 100 MG,,
550,DIGOXINE,0.25 MG,,
551,DIGOXINE,0.25 MG,,
552,LOSARTAN POTASSIUM, 50 MG,,
553,LOSARTAN POTASSIUM, 50 MG,,
554,LOSARTAN POTASSIUM, 50 MG,,
555,LOSARTAN POTASSIUM, 50 MG,,
556,LOSARTAN POTASSIUM, 50 MG,,
557,LOSARTAN POTASSIUM, 50 MG,,
558,DIGOXINE,0.25 MG,,
559,LOSARTAN POTASSIUM, 50 MG,,
560,LOSARTAN POTASSIUM, 50 MG,,
561,LOSARTAN POTASSIUM, 50 MG,,
562,LOSARTAN POTASSIUM, 50 MG,,
563,LOSARTAN POTASSIUM, 50 MG,,
564,DIGOXINE,0.25 MG,,
565,DIGOXINE,0.25 MG,,
566,DIGOXINE,0.25 MG,,
567,DIGOXINE,0.25 MG,,
568,DIGOXINE,0.25 MG,,
569,DIGOXINE,0.25 MG,,
570,LOSARTAN POTASSIUM, 25 MG,,
571,LOSARTAN POTASSIUM, 50 MG,,
572,LOSARTAN POTASSIUM,,,
573,LOSARTAN POTASSIUM,,,
574,LOSARTAN POTASSIUM, 50 MG,,
575,LOSARTAN POTASSIUM, 50 MG,,
576,DIGOXINE,0.25 MG,,
577,LOSARTAN POTASSIUM, 50 MG,,
578,DIGOXINE,0.25 MG,,
579,DIGOXINE,0.25 MG,,
580,DIGOXINE,0.25 MG,,
581,DIGOXINE,0.25 MG,,
582,DIGOXINE,0.25 MG,,
583,LOSARTAN POTASSIUM, 50 MG,,
584,HYDROCHLOROTHIAZIDE, 25 MG,,
585,LOSARTAN POTASSIUM, 50 MG,,
586,LOSARTAN POTASSIUM, 50 MG,,
587,HYDROCHLOROTHIAZIDE, 25 MG,,
588,HYDROCHLOROTHIAZIDE, 25 MG,,
589,LOSARTAN POTASSIUM, 100 MG,,
590,LOSARTAN POTASSIUM,,,
591,HYDRALAZINE, 25 MG,,
592,LOSARTAN POTASSIUM, 50 MG,,
593,LOSARTAN POTASSIUM, 50 MG,,
594,LOSARTAN POTASSIUM, 50 MG,,
595,DIGOXINE,0.25 MG,,
596,DIGOXINE,0.25 MG,,
597,DIGOXINE,0.25 MG,,
598,DIGOXINE,0.25 MG,,
599,DIGOXINE,0.25 MG,,
600,DIGOXINE,0.25 MG,,
601,DIGOXINE,0.25 MG,,
602,DIGOXINE,0.25 MG,,
603,DIGOXINE,0.25 MG,,
604,LOSARTAN POTASSIUM, 100 MG,,
605,LOSARTAN POTASSIUM, 50 MG,,
606,LOSARTAN POTASSIUM, 50 MG,,
607,LOSARTAN POTASSIUM, 50 MG,,
608,DIGOXINE,0.25 MG,,
609,LOSARTAN POTASSIUM, 50 MG,,
610,LISINOPRIL, 10 MG,,
611,DIGOXINE,0.25 MG,,
612,DIGOXINE,0.25 MG,,
613,LOSARTAN POTASSIUM, 50 MG,,
614,DIGOXINE,0.25 MG,,
615,LOSARTAN POTASSIUM, 50 MG,,
616,DIGOXINE,0.25 MG,,
617,DIGOXINE,0.125 MG,,
618,DIGOXINE,0.25 MG,,
619,DIGOXINE,0.25 MG,,
620,HYDRALAZINE, 25 MG,,
621,LOSARTAN POTASSIUM, 50 MG,,
622,LOSARTAN POTASSIUM,,,
623,DIGOXINE,0.25 MG,,
624,LOSARTAN POTASSIUM, 50 MG,,
625,LOSARTAN POTASSIUM, 50 MG,,
626,LOSARTAN POTASSIUM, 100 MG,,
627,LOSARTAN POTASSIUM, 100 MG,,
628,HYDRALAZINE, 25 MG,,
629,DIGOXINE,0.25 MG,,
630,HYDROCHLOROTHIAZIDE, 25 MG,,
631,LOSARTAN POTASSIUM, 50 MG,,
632,DIGOXINE,0.25 MG,,
633,LOSARTAN POTASSIUM, 50 MG,,
634,LOSARTAN POTASSIUM, 100 MG,,
635,LOSARTAN POTASSIUM, 50 MG,,
636,HYDRALAZINE, 25 MG,,
637,HYDRALAZINE, 50 MG,,
638,LOSARTAN POTASSIUM, 100 MG,,
639,LOSARTAN POTASSIUM, 100 MG,,
640,LOSARTAN POTASSIUM, 50 MG,,
641,HYDRALAZINE, 25 MG,,
642,LOSARTAN POTASSIUM, 50 MG,,
643,HYDRALAZINE, 25 MG,,
644,HYDRALAZINE, 25 MG,,
645,HYDRALAZINE, 25 MG,,
646,HYDRALAZINE, 25 MG,,
647,LOSARTAN POTASSIUM, 50 MG,,
648,HYDRALAZINE, 25 MG,,
649,HYDRALAZINE, 25 MG,,
650,LOSARTAN POTASSIUM, 50 MG,,
651,HYDRALAZINE, 25 MG,,
652,LOSARTAN POTASSIUM, 25 MG,,
653,LOSARTAN POTASSIUM,,,
654,HYDRALAZINE, 25 MG,,
655,LOSARTAN POTASSIUM,,,
656,HYDRALAZINE, 25 MG,,
657,LOSARTAN POTASSIUM, 100 MG,,
658,LOSARTAN POTASSIUM,,,
659,LOSARTAN POTASSIUM,,,
660,HYDRALAZINE, 25 MG,,
661,LOSARTAN POTASSIUM,,,
662,HYDRALAZINE, 25 MG,,
663,HYDRALAZINE, 25 MG,,
664,LOSARTAN POTASSIUM, 100 MG,,
665,HYDRALAZINE, 50 MG,,
666,LOSARTAN POTASSIUM, 100 MG,,
667,HYDRALAZINE, 25 MG,,
668,HYDRALAZINE, 25 MG,,
669,HYDRALAZINE, 25 MG,,
670,HYDRALAZINE, 50 MG,,
671,HYDRALAZINE, 25 MG,,
672,HYDRALAZINE, 25 MG,,
673,LOSARTAN POTASSIUM, 100 MG,,
674,LOSARTAN POTASSIUM, 100 MG,,
675,HYDRALAZINE, 25 MG,,
676,LOSARTAN POTASSIUM, 50 MG,,
677,HYDRALAZINE, 25 MG,,
678,HYDRALAZINE, 25 MG,,
679,HYDRALAZINE, 25 MG,,
680,HYDRALAZINE, 25 MG,,
681,HYDRALAZINE, 25 MG,,
682,HYDRALAZINE, 25 MG,,
683,HYDRALAZINE, 25 MG,,
684,LOSARTAN POTASSIUM, 50 MG,,
685,HYDRALAZINE, 50 MG,,
686,HYDRALAZINE, 25 MG,,
687,LOSARTAN POTASSIUM,,,
688,HYDRALAZINE, 25 MG,,
689,HYDRALAZINE, 50 MG,,
690,HYDRALAZINE, 25 MG,,
691,HYDRALAZINE, 25 MG,,
692,LOSARTAN POTASSIUM, 50 MG,,
693,LOSARTAN POTASSIUM,,,
694,LOSARTAN POTASSIUM, 50 MG,,
695,HYDRALAZINE, 50 MG,,
696,HYDRALAZINE, 25 MG,,
697,HYDRALAZINE, 25 MG,,
698,HYDROCHLOROTHIAZIDE, 25 MG,,
699,HYDRALAZINE, 25 MG,,
700,HYDRALAZINE, 25 MG,,
701,LISINOPRIL, 10 MG,,
702,LOSARTAN POTASSIUM,,,
703,HYDRALAZINE, 25 MG,,
704,HYDRALAZINE, 50 MG,,
705,HYDRALAZINE, 25 MG,,
706,LISINOPRIL, 10 MG,,
707,HYDRALAZINE, 50 MG,,
708,HYDRALAZINE, 25 MG,,
709,LISINOPRIL, 10 MG,,
710,HYDRALAZINE, 50 MG,,
711,LOSARTAN POTASSIUM,,,
712,HYDRALAZINE, 25 MG,,
713,HYDRALAZINE, 50 MG,,
714,LISINOPRIL, 10 MG,,
715,HYDRALAZINE, 25 MG,,
716,HYDRALAZINE, 50 MG,,
717,HYDRALAZINE, 50 MG,,
718,HYDRALAZINE, 25 MG,,
719,HYDRALAZINE, 25 MG,,
720,HYDRALAZINE, 50 MG,,
721,HYDRALAZINE, 50 MG,,
722,HYDRALAZINE, 50 MG,,
723,LISINOPRIL, 20 MG,,
724,LOSARTAN POTASSIUM,,,
725,HYDRALAZINE, 25 MG,,
726,HYDRALAZINE, 50 MG,,
727,HYDRALAZINE, 50 MG,,
728,HYDRALAZINE, 50 MG,,
729,HYDRALAZINE, 50 MG,,
730,DIGOXINE,0.25 MG,,
731,HYDRALAZINE, 25 MG,,
732,HYDRALAZINE, 50 MG,,
733,HYDRALAZINE, 50 MG,,
734,LOSARTAN POTASSIUM, 100 MG,,
735,HYDRALAZINE, 50 MG,,
736,HYDRALAZINE, 50 MG,,
737,HYDRALAZINE, 50 MG,,
738,HYDRALAZINE, 50 MG,,
739,HYDRALAZINE, 50 MG,,
740,HYDRALAZINE, 50 MG,,
741,DIGOXINE,0.25 MG,,
742,LOSARTAN POTASSIUM,,,
743,HYDRALAZINE, 50 MG,,
744,LOSARTAN POTASSIUM,,,
745,HYDRALAZINE, 25 MG,,
746,HYDRALAZINE, 25 MG,,
747,LOSARTAN POTASSIUM, 50 MG,,
748,HYDRALAZINE, 25 MG,,
749,LOSARTAN POTASSIUM,,,
750,HYDRALAZINE, 50 MG,,
751,HYDRALAZINE, 50 MG,,
752,HYDRALAZINE, 50 MG,,
753,LISINOPRIL, 5 MG,,
754,HYDRALAZINE, 50 MG,,
755,HYDRALAZINE, 50 MG,,
756,HYDRALAZINE, 25 MG,,
757,HYDRALAZINE, 50 MG,,
758,HYDRALAZINE, 50 MG,,
759,LOSARTAN POTASSIUM,,,
760,HYDRALAZINE, 50 MG,,
761,HYDRALAZINE, 50 MG,,
762,HYDRALAZINE, 50 MG,,
763,LOSARTAN POTASSIUM,,,
764,HYDRALAZINE, 25 MG,,
765,LOSARTAN POTASSIUM,,,
766,HYDRALAZINE, 50 MG,,
767,HYDRALAZINE, 50 MG,,
768,HYDRALAZINE, 50 MG,,
769,LOSARTAN POTASSIUM, 50 MG,,
770,HYDRALAZINE, 50 MG,,
771,HYDRALAZINE, 50 MG,,
772,HYDRALAZINE, 50 MG,,
773,LOSARTAN POTASSIUM,,,
774,HYDRALAZINE, 50 MG,,
775,HYDRALAZINE, 50 MG,,
776,HYDRALAZINE, 50 MG,,
777,HYDRALAZINE, 50 MG,,
778,LOSARTAN POTASSIUM, 100 MG,,
779,LOSARTAN POTASSIUM, 100 MG,,
780,LISINOPRIL, 20 MG,,
781,LOSARTAN POTASSIUM, 100 MG,,
782,LOSARTAN POTASSIUM, 100 MG,,
783,LISINOPRIL, 20 MG,,
784,HYDRALAZINE, 25 MG,,
785,HYDRALAZINE, 25 MG,,
786,LOSARTAN POTASSIUM, 25 MG,,
787,LOSARTAN POTASSIUM, 25 MG,,
788,LOSARTAN POTASSIUM,,,
789,LISINOPRIL, 10 MG,,
790,LOSARTAN POTASSIUM, 25 MG,,
791,LOSARTAN POTASSIUM, 25 MG,,
792,LOSARTAN POTASSIUM, 25 MG,,
793,LOSARTAN POTASSIUM, 25 MG,,
794,HYDRALAZINE, 50 MG,,
795,HYDRALAZINE, 50 MG,,
796,LISINOPRIL, 10 MG,,
797,LOSARTAN POTASSIUM, 25 MG,,
798,LOSARTAN POTASSIUM, 25 MG,,
799,DIGOXINE,0.25 MG,,
800,LOSARTAN POTASSIUM, 25 MG,,
801,LOSARTAN POTASSIUM,,,
802,LOSARTAN POTASSIUM, 25 MG,,
803,LOSARTAN POTASSIUM, 25 MG,,
804,LOSARTAN POTASSIUM, 25 MG,,
805,LOSARTAN POTASSIUM, 25 MG,,
806,DIGOXINE,0.25 MG,,
807,LOSARTAN POTASSIUM, 25 MG,,
808,LOSARTAN POTASSIUM, 25 MG,,
809,LOSARTAN POTASSIUM, 25 MG,,
810,HYDROCHLOROTHIAZIDE, 25 MG,,
811,LOSARTAN POTASSIUM, 25 MG,,
812,LISINOPRIL, 20 MG,,
813,LOSARTAN POTASSIUM, 25 MG,,
814,LOSARTAN POTASSIUM,,,
815,LISINOPRIL, 20 MG,,
816,HYDROCHLOROTHIAZIDE, 25 MG,,
817,HYDRALAZINE, 20 MG/ML,, INJECTABLE SOLUTION
818,LOSARTAN POTASSIUM, 50 MG,,
819,DIGOXINE,0.25 MG,,
820,LOSARTAN POTASSIUM, 50 MG,,
821,HYDRALAZINE, 20 MG/ML,, INJECTABLE SOLUTION
822,HYDRALAZINE, 20 MG/ML,, INJECTABLE SOLUTION
823,HYDRALAZINE, 20 MG/ML,, INJECTABLE SOLUTION
824,HYDRALAZINE, 20 MG/ML,, INJECTABLE SOLUTION
825,DIGOXINE,0.25 MG,,
826,HYDRALAZINE, 20 MG/ML,, INJECTABLE SOLUTION
827,HYDRALAZINE, 20 MG/ML,, INJECTABLE SOLUTION
828,HYDRALAZINE, 20 MG/ML,, INJECTABLE SOLUTION
829,HYDRALAZINE, 20 MG/ML,, INJECTABLE SOLUTION
830,HYDRALAZINE, 20 MG/ML,, INJECTABLE SOLUTION
831,HYDRALAZINE, 20 MG/ML,, INJECTABLE SOLUTION
832,HYDRALAZINE, 20 MG/ML,, INJECTABLE SOLUTION
833,HYDRALAZINE, 20 MG/ML,, INJECTABLE SOLUTION
834,HYDRALAZINE, 20 MG/ML,, INJECTABLE SOLUTION
835,HYDRALAZINE, 20 MG/ML,, INJECTABLE SOLUTION
836,HYDRALAZINE, 20 MG/ML,, INJECTABLE SOLUTION
837,HYDRALAZINE, 20 MG/ML,, INJECTABLE SOLUTION
838,HYDRALAZINE, 20 MG/ML,, INJECTABLE SOLUTION
839,HYDRALAZINE, 20 MG/ML,, INJECTABLE SOLUTION
840,HYDRALAZINE, 20 MG/ML,, INJECTABLE SOLUTION
841,HYDRALAZINE, 20 MG/ML,, INJECTABLE SOLUTION
842,HYDRALAZINE, 20 MG/ML,, INJECTABLE SOLUTION
843,HYDRALAZINE, 20 MG/ML,, INJECTABLE SOLUTION
844,HYDRALAZINE, 20 MG/ML,, INJECTABLE SOLUTION
845,HYDRALAZINE, 20 MG/ML,, INJECTABLE SOLUTION
846,HYDRALAZINE, 20 MG/ML,, INJECTABLE SOLUTION
847,HYDRALAZINE, 20 MG/ML,, INJECTABLE SOLUTION
848,HYDRALAZINE, 20 MG/ML,, INJECTABLE SOLUTION
849,HYDRALAZINE, 20 MG/ML,, INJECTABLE SOLUTION
850,HYDRALAZINE, 20 MG/ML,, INJECTABLE SOLUTION
851,HYDRALAZINE, 20 MG/ML,, INJECTABLE SOLUTION
852,HYDRALAZINE, 20 MG/ML,, INJECTABLE SOLUTION
853,HYDRALAZINE, 20 MG/ML,, INJECTABLE SOLUTION
854,HYDRALAZINE, 20 MG/ML,, INJECTABLE SOLUTION
855,HYDRALAZINE, 20 MG/ML,, INJECTABLE SOLUTION
856,HYDRALAZINE, 20 MG/ML,, INJECTABLE SOLUTION
857,HYDRALAZINE, 20 MG/ML,, INJECTABLE SOLUTION
858,HYDRALAZINE, 20 MG/ML,, INJECTABLE SOLUTION
859,HYDRALAZINE, 20 MG/ML,, INJECTABLE SOLUTION
860,HYDRALAZINE, 20 MG/ML,, INJECTABLE SOLUTION
861,HYDRALAZINE, 20 MG/ML,, INJECTABLE SOLUTION
862,HYDRALAZINE, 20 MG/ML,, INJECTABLE SOLUTION
863,HYDRALAZINE, 20 MG/ML,, INJECTABLE SOLUTION
864,HYDRALAZINE, 20 MG/ML,, INJECTABLE SOLUTION
865,HYDRALAZINE, 20 MG/ML,, INJECTABLE SOLUTION
866,HYDRALAZINE, 20 MG/ML,, INJECTABLE SOLUTION
867,HYDRALAZINE, 20 MG/ML,, INJECTABLE SOLUTION
868,HYDRALAZINE, 20 MG/ML,, INJECTABLE SOLUTION
869,HYDRALAZINE, 20 MG/ML,, INJECTABLE SOLUTION
870,HYDRALAZINE, 20 MG/ML,, INJECTABLE SOLUTION
871,HYDRALAZINE, 20 MG/ML,, INJECTABLE SOLUTION
872,HYDRALAZINE, 20 MG/ML,, INJECTABLE SOLUTION
873,HYDRALAZINE, 20 MG/ML,, INJECTABLE SOLUTION
874,HYDRALAZINE, 20 MG/ML,, INJECTABLE SOLUTION
875,HYDRALAZINE, 20 MG/ML,, INJECTABLE SOLUTION
876,HYDRALAZINE, 20 MG/ML,, INJECTABLE SOLUTION
877,HYDRALAZINE, 20 MG/ML,, INJECTABLE SOLUTION
878,HYDRALAZINE, 20 MG/ML,, INJECTABLE SOLUTION
879,HYDRALAZINE, 20 MG/ML,, INJECTABLE SOLUTION
880,HYDRALAZINE, 20 MG/ML,, INJECTABLE SOLUTION
881,HYDRALAZINE, 20 MG/ML,, INJECTABLE SOLUTION
882,HYDRALAZINE, 20 MG/ML,, INJECTABLE SOLUTION
883,HYDRALAZINE, 20 MG/ML,, INJECTABLE SOLUTION
884,HYDRALAZINE, 20 MG/ML,, INJECTABLE SOLUTION
885,HYDRALAZINE, 20 MG/ML,, INJECTABLE SOLUTION
886,HYDRALAZINE, 20 MG/ML,, INJECTABLE SOLUTION
887,HYDRALAZINE, 20 MG/ML,, INJECTABLE SOLUTION
888,HYDRALAZINE, 20 MG/ML,, INJECTABLE SOLUTION
889,HYDRALAZINE, 20 MG/ML,, INJECTABLE SOLUTION
890,HYDRALAZINE, 20 MG/ML,, INJECTABLE SOLUTION
891,HYDRALAZINE, 20 MG/ML,, INJECTABLE SOLUTION
892,HYDRALAZINE, 20 MG/ML,, INJECTABLE SOLUTION
893,HYDRALAZINE, 20 MG/ML,, INJECTABLE SOLUTION
894,HYDRALAZINE, 20 MG/ML,, INJECTABLE SOLUTION
895,HYDRALAZINE, 20 MG/ML,, INJECTABLE SOLUTION
896,HYDRALAZINE, 20 MG/ML,, INJECTABLE SOLUTION
897,HYDRALAZINE, 20 MG/ML,, INJECTABLE SOLUTION
898,HYDRALAZINE, 20 MG/ML,, INJECTABLE SOLUTION
899,DIGOXINE,0.25 MG,,
900,HYDRALAZINE, 20 MG/ML,, INJECTABLE SOLUTION
901,HYDRALAZINE, 20 MG/ML,, INJECTABLE SOLUTION
902,HYDRALAZINE, 20 MG/ML,, INJECTABLE SOLUTION
903,HYDRALAZINE, 20 MG/ML,, INJECTABLE SOLUTION
904,HYDRALAZINE, 20 MG/ML,, INJECTABLE SOLUTION
905,HYDRALAZINE, 20 MG/ML,, INJECTABLE SOLUTION
906,HYDRALAZINE, 20 MG/ML,, INJECTABLE SOLUTION
907,HYDRALAZINE, 20 MG/ML,, INJECTABLE SOLUTION
908,HYDRALAZINE, 20 MG/ML,, INJECTABLE SOLUTION
909,HYDRALAZINE, 20 MG/ML,, INJECTABLE SOLUTION
910,HYDRALAZINE, 20 MG/ML,, INJECTABLE SOLUTION
911,HYDRALAZINE, 20 MG/ML,, INJECTABLE SOLUTION
912,HYDRALAZINE, 20 MG/ML,, INJECTABLE SOLUTION
913,HYDRALAZINE, 20 MG/ML,, INJECTABLE SOLUTION
914,HYDRALAZINE, 20 MG/ML,, INJECTABLE SOLUTION
915,HYDRALAZINE, 20 MG/ML,, INJECTABLE SOLUTION
916,HYDRALAZINE, 20 MG/ML,, INJECTABLE SOLUTION
917,HYDRALAZINE, 20 MG/ML,, INJECTABLE SOLUTION
918,HYDRALAZINE, 20 MG/ML,, INJECTABLE SOLUTION
919,DIGOXIN,0.05 MG/ML,,ELIXIR
920,HYDRALAZINE, 20 MG/ML,, INJECTABLE SOLUTION
921,HYDRALAZINE, 20 MG/ML,, INJECTABLE SOLUTION
922,HYDRALAZINE, 20 MG/ML,, INJECTABLE SOLUTION
923,DIGOXIN,0.05 MG/ML,,ELIXIR
924,DIGOXIN,0.05 MG/ML,,ELIXIR
925,HYDRALAZINE, 20 MG/ML,, INJECTABLE SOLUTION
926,HYDRALAZINE, 20 MG/ML,, INJECTABLE SOLUTION
927,DIGOXIN,0.05 MG/ML,,ELIXIR
928,DIGOXIN,0.05 MG/ML,,ELIXIR
929,HYDRALAZINE, 20 MG/ML,, INJECTABLE SOLUTION
930,DIGOXIN,0.05 MG/ML,,ELIXIR
931,DIGOXIN,0.05 MG/ML,,ELIXIR
932,HYDRALAZINE, 20 MG/ML,, INJECTABLE SOLUTION
933,HYDRALAZINE, 20 MG/ML,, INJECTABLE SOLUTION
934,DIGOXIN,0.05 MG/ML,,ELIXIR
935,HYDRALAZINE, 20 MG/ML,, INJECTABLE SOLUTION
936,HYDRALAZINE, 20 MG/ML,, INJECTABLE SOLUTION
937,DIGOXIN,0.05 MG/ML,,ELIXIR
938,HYDRALAZINE, 20 MG/ML,, INJECTABLE SOLUTION
939,HYDRALAZINE, 20 MG/ML,, INJECTABLE SOLUTION
940,HYDRALAZINE, 20 MG/ML,, INJECTABLE SOLUTION
941,DIGOXIN,,,
942,HYDRALAZINE, 20 MG/ML,, INJECTABLE SOLUTION
943,HYDRALAZINE, 20 MG/ML,, INJECTABLE SOLUTION
944,DIGOXIN,0.05 MG/ML,,ELIXIR
945,DIGOXIN,0.05 MG/ML,,ELIXIR
946,HYDRALAZINE, 20 MG/ML,, INJECTABLE SOLUTION
947,DIGOXIN,0.05 MG/ML,,ELIXIR
948,HYDRALAZINE, 20 MG/ML,, INJECTABLE SOLUTION
949,DIGOXIN,0.05 MG/ML,,ELIXIR
950,DIGOXIN,0.05 MG/ML,,ELIXIR
951,HYDRALAZINE, 20 MG/ML,, INJECTABLE SOLUTION
952,HYDRALAZINE, 20 MG/ML,, INJECTABLE SOLUTION
953,LOSARTAN POTASSIUM, 50 MG,,
954,DIGOXIN,0.05 MG/ML,,ELIXIR
955,HYDRALAZINE, 20 MG/ML,, INJECTABLE SOLUTION
956,HYDRALAZINE, 20 MG/ML,, INJECTABLE SOLUTION
957,HYDRALAZINE, 20 MG/ML,, INJECTABLE SOLUTION
958,HYDRALAZINE, 20 MG/ML,, INJECTABLE SOLUTION
959,LOSARTAN POTASSIUM,,,
960,HYDRALAZINE, 20 MG/ML,, INJECTABLE SOLUTION
961,HYDRALAZINE, 20 MG/ML,, INJECTABLE SOLUTION
962,HYDROCHLOROTHIAZIDE, 25 MG,,
963,LOSARTAN POTASSIUM,,,
964,LOSARTAN POTASSIUM, 25 MG,,
965,LOSARTAN POTASSIUM,,,
966,LOSARTAN POTASSIUM, 50 MG,,
967,LOSARTAN POTASSIUM, 50 MG,,
968,DIGOXINE,0.25 MG,,
969,DIGOXINE,0.25 MG,,
970,DIGOXINE,0.25 MG,,
971,LOSARTAN POTASSIUM, 100 MG,,
972,LOSARTAN POTASSIUM, 50 MG,,
