,Drug Original Name,Concentration
0,BLEOMICINA ,15 MG INY
1,BLEOMICINA ,15 MG INY
2,BLEOMICINA ,15 MG INY
3,BLEOMICINA ,15 MG INY
4,BLEOMICINA ,15 MG INY
5,BLEOMICINA ,15 MG INY
6,BLEOMICINA ,15 MG INY
7,BLEOMICINA ,15 MG INY
8,BLEOMICINA ,15 MG INY
9,BLEOMICINA ,15 MG INY
10,BLEOMICINA ,15 MG INY
11,BLEOMICINA ,15 MG INY
12,BLEOMICINA ,15 MG INY
13,BLEOMICINA ,15 MG INY
14,BLEOMICINA ,15 MG INY
15,BLEOMICINA ,15 MG INY
16,BLEOMICINA ,15 MG INY
17,BLEOMICINA ,15 MG INY
18,BLEOMICINA ,15 MG INY
19,BLEOMICINA ,15 MG INY
20,CISPLATINO ,1 MG/ML OTHER 50 ML
21,CISPLATINO ,1 MG/ML OTHER 50 ML
22,CISPLATINO ,1 MG/ML OTHER 50 ML
23,CISPLATINO ,1 MG/ML OTHER 50 ML
24,CISPLATINO ,1 MG/ML OTHER 50 ML
25,CISPLATINO ,1 MG/ML OTHER 50 ML
26,CISPLATINO ,1 MG/ML OTHER 50 ML
27,CISPLATINO ,1 MG/ML OTHER 50 ML
28,CISPLATINO ,1 MG/ML OTHER 50 ML
29,CISPLATINO ,1 MG/ML OTHER 50 ML
30,CISPLATINO ,1 MG/ML OTHER 50 ML
31,CISPLATINO ,1 MG/ML OTHER 50 ML
32,CISPLATINO ,1 MG/ML OTHER 50 ML
33,CISPLATINO ,1 MG/ML OTHER 50 ML
34,DOXORUBICINA ,50 MG INY
35,DOXORUBICINA ,50 MG INY
36,DOXORUBICINA ,50 MG INY
37,DOXORUBICINA ,50 MG INY
38,DOXORUBICINA ,50 MG INY
39,DOXORUBICINA ,50 MG INY
40,DOXORUBICINA ,50 MG INY
41,DOXORUBICINA ,50 MG INY
42,DOXORUBICINA ,50 MG INY
43,DOXORUBICINA ,50 MG INY
44,DOXORUBICINA ,50 MG INY
45,DOXORUBICINA ,50 MG INY
46,DOXORUBICINA ,50 MG INY
47,DOXORUBICINA ,50 MG INY
48,DOXORUBICINA ,50 MG INY
49,DOXORUBICINA ,50 MG INY
50,DOXORUBICINA ,50 MG INY
51,DOXORUBICINA ,50 MG INY
52,DOXORUBICINA ,50 MG INY
53,DOXORUBICINA ,50 MG INY
54,DOXORUBICINA ,50 MG INY
55,DOXORUBICINA ,50 MG INY
56,DOXORUBICINA ,50 MG INY
57,DOXORUBICINA ,50 MG INY
58,DOXORUBICINA ,50 MG INY
59,CARBOPLATINO ,10 MG/ML INY 15 ML
60,CARBOPLATINO ,10 MG/ML INY 15 ML
61,CARBOPLATINO ,10 MG/ML INY 15 ML
62,CARBOPLATINO ,10 MG/ML INY 15 ML
63,CARBOPLATINO ,10 MG/ML INY 15 ML
64,CARBOPLATINO ,10 MG/ML INY 15 ML
65,CARBOPLATINO ,10 MG/ML INY 15 ML
66,CARBOPLATINO ,10 MG/ML INY 15 ML
67,CARBOPLATINO ,10 MG/ML INY 15 ML
68,CARBOPLATINO ,10 MG/ML INY 15 ML
69,CARBOPLATINO ,10 MG/ML INY 15 ML
70,CARBOPLATINO ,10 MG/ML INY 15 ML
71,CARBOPLATINO ,10 MG/ML INY 15 ML
72,CARBOPLATINO ,10 MG/ML INY 15 ML
73,CARBOPLATINO ,10 MG/ML INY 15 ML
74,CARBOPLATINO ,10 MG/ML INY 15 ML
75,CARBOPLATINO ,10 MG/ML INY 15 ML
76,CARBOPLATINO ,10 MG/ML INY 15 ML
77,CARBOPLATINO ,10 MG/ML INY 15 ML
78,CARBOPLATINO ,10 MG/ML INY 15 ML
79,CARBOPLATINO ,10 MG/ML INY 15 ML
80,DACARBAZINA ,200 MG INY
81,DACARBAZINA ,200 MG INY
82,DACARBAZINA ,200 MG INY
83,DACARBAZINA ,200 MG INY
84,DACARBAZINA ,200 MG INY
85,DACARBAZINA ,200 MG INY
86,DACARBAZINA ,200 MG INY
87,DACARBAZINA ,200 MG INY
88,DACARBAZINA ,200 MG INY
89,DACARBAZINA ,200 MG INY
90,DACARBAZINA ,200 MG INY
91,DACARBAZINA ,200 MG INY
92,DACARBAZINA ,200 MG INY
93,DACARBAZINA ,200 MG INY
94,DOCETAXEL ,20 MG/0.5 ML INY 0.5 ML
95,DOCETAXEL ,20 MG/0.5 ML INY 0.5 ML
96,DOCETAXEL ,20 MG/0.5 ML INY 0.5 ML
97,DOCETAXEL ,20 MG/0.5 ML INY 0.5 ML
98,DOCETAXEL ,20 MG/0.5 ML INY 0.5 ML
99,DOCETAXEL ,20 MG/0.5 ML INY 0.5 ML
100,DOCETAXEL ,20 MG/0.5 ML INY 0.5 ML
101,DOCETAXEL ,20 MG/0.5 ML INY 0.5 ML
102,DOCETAXEL ,20 MG/0.5 ML INY 0.5 ML
103,DOCETAXEL ,20 MG/0.5 ML INY 0.5 ML
104,DOCETAXEL ,20 MG/0.5 ML INY 0.5 ML
105,DOCETAXEL ,20 MG/0.5 ML INY 0.5 ML
106,DOCETAXEL ,20 MG/0.5 ML INY 0.5 ML
107,DOCETAXEL ,20 MG/0.5 ML INY 0.5 ML
108,DOCETAXEL ,20 MG/0.5 ML INY 0.5 ML
109,DOCETAXEL ,20 MG/0.5 ML INY 0.5 ML
110,DOXORUBICINA ,10 MG INY
111,DOXORUBICINA ,10 MG INY
112,DOXORUBICINA ,10 MG INY
113,DOXORUBICINA ,10 MG INY
114,DOXORUBICINA ,10 MG INY
115,DOXORUBICINA ,10 MG INY
116,DOXORUBICINA ,10 MG INY
117,DOXORUBICINA ,10 MG INY
118,DOXORUBICINA ,10 MG INY
119,DOXORUBICINA ,10 MG INY
120,DOXORUBICINA ,10 MG INY
121,DOXORUBICINA ,10 MG INY
122,DOXORUBICINA ,10 MG INY
123,DOXORUBICINA ,10 MG INY
124,DOXORUBICINA ,10 MG INY
125,DOXORUBICINA ,10 MG INY
126,DOXORUBICINA ,10 MG INY
127,DOXORUBICINA ,10 MG INY
128,DOXORUBICINA ,10 MG INY
129,DOXORUBICINA ,10 MG INY
130,DOXORUBICINA ,10 MG INY
131,DOXORUBICINA ,10 MG INY
132,ETOPOSIDO ,100 MG INY 5 ML
133,ETOPOSIDO ,100 MG INY 5 ML
134,ETOPOSIDO ,100 MG INY 5 ML
135,ETOPOSIDO ,100 MG INY 5 ML
136,ETOPOSIDO ,100 MG INY 5 ML
137,ETOPOSIDO ,100 MG INY 5 ML
138,ETOPOSIDO ,100 MG INY 5 ML
139,ETOPOSIDO ,100 MG INY 5 ML
140,ETOPOSIDO ,100 MG INY 5 ML
141,ETOPOSIDO ,100 MG INY 5 ML
142,ETOPOSIDO ,100 MG INY 5 ML
143,ETOPOSIDO ,100 MG INY 5 ML
144,ETOPOSIDO ,100 MG INY 5 ML
145,ETOPOSIDO ,100 MG INY 5 ML
146,ETOPOSIDO ,100 MG INY 5 ML
147,ETOPOSIDO ,100 MG INY 5 ML
148,ETOPOSIDO ,100 MG INY 5 ML
149,ETOPOSIDO ,100 MG INY 5 ML
150,ETOPOSIDO ,100 MG INY 5 ML
151,ETOPOSIDO ,100 MG INY 5 ML
152,ETOPOSIDO ,100 MG INY 5 ML
153,ETOPOSIDO ,100 MG INY 5 ML
154,ETOPOSIDO ,100 MG INY 5 ML
155,ETOPOSIDO ,100 MG INY 5 ML
156,ETOPOSIDO ,100 MG INY 5 ML
157,ETOPOSIDO ,100 MG INY 5 ML
158,DACTINOMICINA ,500 AND INY
159,DACTINOMICINA ,500 AND INY
160,CISPLATINO ,1 MG/ML OTHER 10 ML
161,CISPLATINO ,1 MG/ML OTHER 10 ML
162,CISPLATINO ,1 MG/ML OTHER 10 ML
163,CISPLATINO ,1 MG/ML OTHER 10 ML
164,CISPLATINO ,1 MG/ML OTHER 10 ML
165,CISPLATINO ,1 MG/ML OTHER 10 ML
166,CISPLATINO ,1 MG/ML OTHER 10 ML
167,CISPLATINO ,1 MG/ML OTHER 10 ML
168,CISPLATINO ,1 MG/ML OTHER 10 ML
169,CISPLATINO ,1 MG/ML OTHER 10 ML
170,CISPLATINO ,1 MG/ML OTHER 10 ML
171,CISPLATINO ,1 MG/ML OTHER 10 ML
172,CISPLATINO ,1 MG/ML OTHER 10 ML
173,CISPLATINO ,1 MG/ML OTHER 10 ML
174,CISPLATINO ,1 MG/ML OTHER 10 ML
175,DOCETAXEL ,80 MG/2 ML INY 2 ML
176,DOCETAXEL ,80 MG/2 ML INY 2 ML
177,DOCETAXEL ,80 MG/2 ML INY 2 ML
178,DOCETAXEL ,80 MG/2 ML INY 2 ML
179,DOCETAXEL ,80 MG/2 ML INY 2 ML
180,DOCETAXEL ,80 MG/2 ML INY 2 ML
181,DOCETAXEL ,80 MG/2 ML INY 2 ML
182,DOCETAXEL ,80 MG/2 ML INY 2 ML
183,DOCETAXEL ,80 MG/2 ML INY 2 ML
184,DOCETAXEL ,80 MG/2 ML INY 2 ML
185,DOCETAXEL ,80 MG/2 ML INY 2 ML
186,DOCETAXEL ,80 MG/2 ML INY 2 ML
187,DOCETAXEL ,80 MG/2 ML INY 2 ML
188,DOCETAXEL ,80 MG/2 ML INY 2 ML
189,DOCETAXEL ,80 MG/2 ML INY 2 ML
190,DOCETAXEL ,80 MG/2 ML INY 2 ML
191,DOCETAXEL ,80 MG/2 ML INY 2 ML
192,DOCETAXEL ,80 MG/2 ML INY 2 ML
193,DOCETAXEL ,80 MG/2 ML INY 2 ML
194,DOCETAXEL ,80 MG/2 ML INY 2 ML
195,DOCETAXEL ,80 MG/2 ML INY 2 ML
196,DOCETAXEL ,80 MG/2 ML INY 2 ML
197,DOCETAXEL ,80 MG/2 ML INY 2 ML
198,DOCETAXEL ,80 MG/2 ML INY 2 ML
199,CARBOPLATINO ,10 MG/ML INY 45 ML
200,CARBOPLATINO ,10 MG/ML INY 45 ML
201,CARBOPLATINO ,10 MG/ML INY 45 ML
202,CARBOPLATINO ,10 MG/ML INY 45 ML
203,CARBOPLATINO ,10 MG/ML INY 45 ML
204,CARBOPLATINO ,10 MG/ML INY 45 ML
205,CARBOPLATINO ,10 MG/ML INY 45 ML
206,CARBOPLATINO ,10 MG/ML INY 45 ML
207,CARBOPLATINO ,10 MG/ML INY 45 ML
208,CARBOPLATINO ,10 MG/ML INY 45 ML
209,CARBOPLATINO ,10 MG/ML INY 45 ML
210,CARBOPLATINO ,10 MG/ML INY 45 ML
211,CARBOPLATINO ,10 MG/ML INY 45 ML
212,CARBOPLATINO ,10 MG/ML INY 45 ML
213,CARBOPLATINO ,10 MG/ML INY 45 ML
214,CARBOPLATINO ,10 MG/ML INY 45 ML
215,CARBOPLATINO ,10 MG/ML INY 45 ML
216,CARBOPLATINO ,10 MG/ML INY 45 ML
217,CARBOPLATINO ,10 MG/ML INY 45 ML
218,CARBOPLATINO ,10 MG/ML INY 45 ML
219,CARBOPLATINO ,10 MG/ML INY 45 ML
220,CARBOPLATINO ,10 MG/ML INY 45 ML
221,CARBOPLATINO ,10 MG/ML INY 45 ML
222,CYTARABINE (WITHOUT PRESERVATIVES) ,100 MG INY
223,CYTARABINE (WITHOUT PRESERVATIVES) ,100 MG INY
224,CYTARABINE (WITHOUT PRESERVATIVES) ,100 MG INY
225,CYTARABINE (WITHOUT PRESERVATIVES) ,100 MG INY
226,CYTARABINE (WITHOUT PRESERVATIVES) ,100 MG INY
227,CYTARABINE (WITHOUT PRESERVATIVES) ,100 MG INY
228,CYTARABINE (WITHOUT PRESERVATIVES) ,100 MG INY
229,CYTARABINE (WITHOUT PRESERVATIVES) ,100 MG INY
230,CYTARABINE (WITHOUT PRESERVATIVES) ,100 MG INY
231,CYTARABINE (WITHOUT PRESERVATIVES) ,100 MG INY
232,CYTARABINE (WITHOUT PRESERVATIVES) ,100 MG INY
233,CYTARABINE (WITHOUT PRESERVATIVES) ,100 MG INY
234,CYTARABINE (WITHOUT PRESERVATIVES) ,100 MG INY
235,CYTARABINE (WITHOUT PRESERVATIVES) ,100 MG INY
236,CYTARBINE, 500 MG
237,CYTARBINE, 500 MG
238,CYTARBINE, 500 MG
239,CYTARBINE, 500 MG
240,CYTARBINE, 500 MG
241,CYTARBINE, 500 MG
242,CYTARBINE, 500 MG
243,CYTARBINE, 500 MG
244,CYTARBINE, 500 MG
245,CYTARBINE, 500 MG
246,CYTARBINE, 500 MG
247,CYTARBINE, 500 MG
248,CYTARBINE, 500 MG
249,CYTARBINE, 500 MG
250,CYTARBINE, 500 MG
251,CYTARBINE, 500 MG
252,CYTARBINE, 500 MG
253,CYTARBINE, 500 MG
254,CYTARBINE, 500 MG
255,CYCLOPHOSPHAMIDE,1 G
256,CYCLOPHOSPHAMIDE,1 G
257,CYCLOPHOSPHAMIDE,1 G
258,CYCLOPHOSPHAMIDE,1 G
259,CYCLOPHOSPHAMIDE,1 G
260,CYCLOPHOSPHAMIDE,1 G
261,CYCLOPHOSPHAMIDE,1 G
262,CYCLOPHOSPHAMIDE,1 G
263,CYCLOPHOSPHAMIDE,1 G
264,CYCLOPHOSPHAMIDE,1 G
265,CYCLOPHOSPHAMIDE,1 G
266,CYCLOPHOSPHAMIDE,1 G
267,CYCLOPHOSPHAMIDE,1 G
268,CYCLOPHOSPHAMIDE,1 G
269,CYCLOPHOSPHAMIDE,1 G
270,CYCLOPHOSPHAMIDE,1 G
271,CYCLOPHOSPHAMIDE,1 G
272,CYCLOPHOSPHAMIDE,1 G
273,CYCLOPHOSPHAMIDE,1 G
274,CYCLOPHOSPHAMIDE,1 G
275,CYCLOPHOSPHAMIDE,1 G
276,CYCLOPHOSPHAMIDE,1 G
277,CYCLOPHOSPHAMIDE,1 G
278,CYCLOPHOSPHAMIDE,1 G
279,CYCLOPHOSPHAMIDE,1 G
280,CYCLOPHOSPHAMIDE,1 G
281,CYCLOPHOSPHAMIDE,1 G
282,CYCLOPHOSPHAMIDE,1 G
283,CYCLOPHOSPHAMIDE,1 G
284,CYCLOPHOSPHAMIDE,1 G
285,CYCLOPHOSPHAMIDE,1 G
286,CYCLOPHOSPHAMIDE,1 G
287,CYCLOPHOSPHAMIDE,1 G
288,CYCLOPHOSPHAMIDE,1 G
289,CYCLOPHOSPHAMIDE,1 G
290,CYCLOPHOSPHAMIDE,1 G
291,CYCLOPHOSPHAMIDE,1 G
292,CYCLOPHOSPHAMIDE,1 G
293,CYCLOPHOSPHAMIDE,1 G
294,CISPLATINO ,1 MG/ML OTHER 10 ML
295,CISPLATINO ,1 MG/ML OTHER 10 ML
296,CISPLATINO ,1 MG/ML OTHER 10 ML
297,CISPLATINO ,1 MG/ML OTHER 10 ML
298,CISPLATINO ,1 MG/ML OTHER 10 ML
299,CISPLATINO ,1 MG/ML OTHER 10 ML
300,CISPLATINO ,1 MG/ML OTHER 10 ML
301,CISPLATINO ,1 MG/ML OTHER 10 ML
302,CISPLATINO ,1 MG/ML OTHER 10 ML
303,CISPLATINO ,1 MG/ML OTHER 10 ML
304,CISPLATINO ,1 MG/ML OTHER 10 ML
305,CISPLATINO ,1 MG/ML OTHER 10 ML
306,BLEOMICINA ,15 MG INY
307,BLEOMICINA ,15 MG INY
308,BLEOMICINA ,15 MG INY
309,BLEOMICINA ,15 MG INY
310,BLEOMICINA ,15 MG INY
311,BLEOMICINA ,15 MG INY
312,BLEOMICINA ,15 MG INY
313,BLEOMICINA ,15 MG INY
314,BLEOMICINA ,15 MG INY
315,BLEOMICINA ,15 MG INY
316,BLEOMICINA ,15 MG INY
317,BLEOMICINA ,15 MG INY
318,BLEOMICINA ,15 MG INY
319,BLEOMICINA ,15 MG INY
320,BLEOMICINA ,15 MG INY
321,BLEOMICINA ,15 MG INY
322,BLEOMICINA ,15 MG INY
323,BLEOMICINA ,15 MG INY
324,BLEOMICINA ,15 MG INY
325,BLEOMICINA ,15 MG INY
326,CISPLATINO ,1 MG/ML OTHER 50 ML
327,CISPLATINO ,1 MG/ML OTHER 50 ML
328,CISPLATINO ,1 MG/ML OTHER 50 ML
329,CISPLATINO ,1 MG/ML OTHER 50 ML
330,CISPLATINO ,1 MG/ML OTHER 50 ML
331,CISPLATINO ,1 MG/ML OTHER 50 ML
332,CISPLATINO ,1 MG/ML OTHER 50 ML
333,CISPLATINO ,1 MG/ML OTHER 50 ML
334,CISPLATINO ,1 MG/ML OTHER 50 ML
335,CISPLATINO ,1 MG/ML OTHER 50 ML
336,CISPLATINO ,1 MG/ML OTHER 50 ML
337,CISPLATINO ,1 MG/ML OTHER 50 ML
338,CISPLATINO ,1 MG/ML OTHER 50 ML
339,CISPLATINO ,1 MG/ML OTHER 50 ML
340,DACTINOMICINA ,500 AND INY
341,DACTINOMICINA ,500 AND INY
342,DACTINOMICINA ,500 AND INY
343,DACTINOMICINA ,500 AND INY
344,DACTINOMICINA ,500 AND INY
345,DACTINOMICINA ,500 AND INY
346,DACTINOMICINA ,500 AND INY
347,DACTINOMICINA ,500 AND INY
348,DACTINOMICINA ,500 AND INY
349,DACTINOMICINA ,500 AND INY
350,DACTINOMICINA ,500 AND INY
351,DACTINOMICINA ,500 AND INY
352,DACTINOMICINA ,500 AND INY
353,CARBOPLATINO ,10 MG/ML INY 45 ML
354,CARBOPLATINO ,10 MG/ML INY 45 ML
355,CARBOPLATINO ,10 MG/ML INY 45 ML
356,CARBOPLATINO ,10 MG/ML INY 45 ML
357,CARBOPLATINO ,10 MG/ML INY 45 ML
358,CARBOPLATINO ,10 MG/ML INY 45 ML
359,CARBOPLATINO ,10 MG/ML INY 45 ML
360,CARBOPLATINO ,10 MG/ML INY 45 ML
361,CARBOPLATINO ,10 MG/ML INY 45 ML
362,CARBOPLATINO ,10 MG/ML INY 45 ML
363,CARBOPLATINO ,10 MG/ML INY 45 ML
364,CARBOPLATINO ,10 MG/ML INY 45 ML
365,CARBOPLATINO ,10 MG/ML INY 45 ML
366,CARBOPLATINO ,10 MG/ML INY 45 ML
367,CARBOPLATINO ,10 MG/ML INY 45 ML
368,CARBOPLATINO ,10 MG/ML INY 45 ML
369,CARBOPLATINO ,10 MG/ML INY 45 ML
370,CARBOPLATINO ,10 MG/ML INY 45 ML
371,CARBOPLATINO ,10 MG/ML INY 45 ML
372,CARBOPLATINO ,10 MG/ML INY 45 ML
373,CARBOPLATINO ,10 MG/ML INY 45 ML
374,CARBOPLATINO ,10 MG/ML INY 45 ML
375,CYTARABINE (WITHOUT PRESERVATIVES) ,100 MG INY
376,CYTARABINE (WITHOUT PRESERVATIVES) ,100 MG INY
377,CYTARABINE (WITHOUT PRESERVATIVES) ,100 MG INY
378,CYTARABINE (WITHOUT PRESERVATIVES) ,100 MG INY
379,CYTARABINE (WITHOUT PRESERVATIVES) ,100 MG INY
380,CYTARABINE (WITHOUT PRESERVATIVES) ,100 MG INY
381,CYTARABINE (WITHOUT PRESERVATIVES) ,100 MG INY
382,CYTARABINE (WITHOUT PRESERVATIVES) ,100 MG INY
383,CYTARABINE (WITHOUT PRESERVATIVES) ,100 MG INY
384,CYTARABINE (WITHOUT PRESERVATIVES) ,100 MG INY
385,CYTARABINE (WITHOUT PRESERVATIVES) ,100 MG INY
386,CYTARABINE (WITHOUT PRESERVATIVES) ,100 MG INY
387,CYTARABINE (WITHOUT PRESERVATIVES) ,100 MG INY
388,CYTARABINE (WITHOUT PRESERVATIVES) ,100 MG INY
389,CYTARABINE (WITHOUT PRESERVATIVES) ,100 MG INY
390,CYTARABINE (WITHOUT PRESERVATIVES) ,100 MG INY
391,CYTARABINE (WITHOUT PRESERVATIVES) ,100 MG INY
392,CYTARABINE (WITHOUT PRESERVATIVES) ,100 MG INY
393,CYTARABINE (WITHOUT PRESERVATIVES) ,100 MG INY
394,DOXORUBICINA ,50 MG INY
395,DOXORUBICINA ,50 MG INY
396,DOXORUBICINA ,50 MG INY
397,DOXORUBICINA ,50 MG INY
398,DOXORUBICINA ,50 MG INY
399,DOXORUBICINA ,50 MG INY
400,DOXORUBICINA ,50 MG INY
401,DOXORUBICINA ,50 MG INY
402,DOXORUBICINA ,50 MG INY
403,DOXORUBICINA ,50 MG INY
404,DOXORUBICINA ,50 MG INY
405,DOXORUBICINA ,50 MG INY
406,DOXORUBICINA ,50 MG INY
407,DOXORUBICINA ,50 MG INY
408,DOXORUBICINA ,50 MG INY
409,DOXORUBICINA ,50 MG INY
410,DOXORUBICINA ,50 MG INY
411,DOXORUBICINA ,50 MG INY
412,DOXORUBICINA ,50 MG INY
413,DOXORUBICINA ,50 MG INY
414,DOXORUBICINA ,50 MG INY
415,DOXORUBICINA ,50 MG INY
416,DOXORUBICINA ,50 MG INY
417,DOXORUBICINA ,50 MG INY
418,DOXORUBICINA ,50 MG INY
419,DOXORUBICINA ,50 MG INY
420,DOXORUBICINA ,50 MG INY
421,DOXORUBICINA ,50 MG INY
422,DOXORUBICINA ,50 MG INY
423,CARBOPLATINO ,10 MG/ML INY 15 ML
424,CARBOPLATINO ,10 MG/ML INY 15 ML
425,CARBOPLATINO ,10 MG/ML INY 15 ML
426,CARBOPLATINO ,10 MG/ML INY 15 ML
427,CARBOPLATINO ,10 MG/ML INY 15 ML
428,CARBOPLATINO ,10 MG/ML INY 15 ML
429,CARBOPLATINO ,10 MG/ML INY 15 ML
430,CARBOPLATINO ,10 MG/ML INY 15 ML
431,CARBOPLATINO ,10 MG/ML INY 15 ML
432,CARBOPLATINO ,10 MG/ML INY 15 ML
433,CARBOPLATINO ,10 MG/ML INY 15 ML
434,CARBOPLATINO ,10 MG/ML INY 15 ML
435,CARBOPLATINO ,10 MG/ML INY 15 ML
436,CARBOPLATINO ,10 MG/ML INY 15 ML
437,CARBOPLATINO ,10 MG/ML INY 15 ML
438,CARBOPLATINO ,10 MG/ML INY 15 ML
439,CARBOPLATINO ,10 MG/ML INY 15 ML
440,CARBOPLATINO ,10 MG/ML INY 15 ML
441,CARBOPLATINO ,10 MG/ML INY 15 ML
442,CARBOPLATINO ,10 MG/ML INY 15 ML
443,CYTARBINE, 500 MG
444,CYTARBINE, 500 MG
445,CYTARBINE, 500 MG
446,CYTARBINE, 500 MG
447,CYTARBINE, 500 MG
448,CYTARBINE, 500 MG
449,CYTARBINE, 500 MG
450,CYTARBINE, 500 MG
451,CYTARBINE, 500 MG
452,CYTARBINE, 500 MG
453,CYTARBINE, 500 MG
454,CYTARBINE, 500 MG
455,CYTARBINE, 500 MG
456,CYTARBINE, 500 MG
457,CYTARBINE, 500 MG
458,CYTARBINE, 500 MG
459,CYTARBINE, 500 MG
460,CYTARBINE, 500 MG
461,CYTARBINE, 500 MG
462,CYTARBINE, 500 MG
463,CYTARBINE, 500 MG
464,CYTARBINE, 500 MG
465,DACARBAZINA ,200 MG INY
466,DACARBAZINA ,200 MG INY
467,DACARBAZINA ,200 MG INY
468,DACARBAZINA ,200 MG INY
469,DACARBAZINA ,200 MG INY
470,DACARBAZINA ,200 MG INY
471,DACARBAZINA ,200 MG INY
472,DACARBAZINA ,200 MG INY
473,DACARBAZINA ,200 MG INY
474,DACARBAZINA ,200 MG INY
475,DACARBAZINA ,200 MG INY
476,DACARBAZINA ,200 MG INY
477,DACARBAZINA ,200 MG INY
478,DACARBAZINA ,200 MG INY
479,DACARBAZINA ,200 MG INY
480,DACARBAZINA ,200 MG INY
481,DACARBAZINA ,200 MG INY
482,DACARBAZINA ,200 MG INY
483,DACARBAZINA ,200 MG INY
484,DACARBAZINA ,200 MG INY
485,DACARBAZINA ,200 MG INY
486,DOCETAXEL ,20 MG/0.5 ML INY 0.5 ML
487,DOCETAXEL ,20 MG/0.5 ML INY 0.5 ML
488,DOCETAXEL ,20 MG/0.5 ML INY 0.5 ML
489,DOCETAXEL ,20 MG/0.5 ML INY 0.5 ML
490,DOCETAXEL ,20 MG/0.5 ML INY 0.5 ML
491,DOCETAXEL ,20 MG/0.5 ML INY 0.5 ML
492,DOCETAXEL ,20 MG/0.5 ML INY 0.5 ML
493,DOCETAXEL ,20 MG/0.5 ML INY 0.5 ML
494,DOCETAXEL ,20 MG/0.5 ML INY 0.5 ML
495,DOCETAXEL ,20 MG/0.5 ML INY 0.5 ML
496,DOCETAXEL ,20 MG/0.5 ML INY 0.5 ML
497,DOCETAXEL ,20 MG/0.5 ML INY 0.5 ML
498,DOCETAXEL ,20 MG/0.5 ML INY 0.5 ML
499,DOCETAXEL ,20 MG/0.5 ML INY 0.5 ML
500,DOCETAXEL ,20 MG/0.5 ML INY 0.5 ML
501,DOCETAXEL ,20 MG/0.5 ML INY 0.5 ML
502,DOCETAXEL ,20 MG/0.5 ML INY 0.5 ML
503,DOCETAXEL ,20 MG/0.5 ML INY 0.5 ML
504,DOCETAXEL ,80 MG/2 ML INY 2 ML
505,DOCETAXEL ,80 MG/2 ML INY 2 ML
506,DOCETAXEL ,80 MG/2 ML INY 2 ML
507,DOCETAXEL ,80 MG/2 ML INY 2 ML
508,DOCETAXEL ,80 MG/2 ML INY 2 ML
509,DOCETAXEL ,80 MG/2 ML INY 2 ML
510,DOCETAXEL ,80 MG/2 ML INY 2 ML
511,DOCETAXEL ,80 MG/2 ML INY 2 ML
512,DOCETAXEL ,80 MG/2 ML INY 2 ML
513,DOCETAXEL ,80 MG/2 ML INY 2 ML
514,DOCETAXEL ,80 MG/2 ML INY 2 ML
515,DOCETAXEL ,80 MG/2 ML INY 2 ML
516,DOCETAXEL ,80 MG/2 ML INY 2 ML
517,DOCETAXEL ,80 MG/2 ML INY 2 ML
518,DOCETAXEL ,80 MG/2 ML INY 2 ML
519,DOCETAXEL ,80 MG/2 ML INY 2 ML
520,DOCETAXEL ,80 MG/2 ML INY 2 ML
521,DOCETAXEL ,80 MG/2 ML INY 2 ML
522,DOCETAXEL ,80 MG/2 ML INY 2 ML
523,DOCETAXEL ,80 MG/2 ML INY 2 ML
524,DOCETAXEL ,80 MG/2 ML INY 2 ML
525,DOCETAXEL ,80 MG/2 ML INY 2 ML
526,DOCETAXEL ,80 MG/2 ML INY 2 ML
527,DOCETAXEL ,80 MG/2 ML INY 2 ML
528,DOCETAXEL ,80 MG/2 ML INY 2 ML
529,DOCETAXEL ,80 MG/2 ML INY 2 ML
530,DOCETAXEL ,80 MG/2 ML INY 2 ML
531,DOXORUBICINA ,10 MG INY
532,DOXORUBICINA ,10 MG INY
533,DOXORUBICINA ,10 MG INY
534,DOXORUBICINA ,10 MG INY
535,DOXORUBICINA ,10 MG INY
536,DOXORUBICINA ,10 MG INY
537,DOXORUBICINA ,10 MG INY
538,DOXORUBICINA ,10 MG INY
539,DOXORUBICINA ,10 MG INY
540,DOXORUBICINA ,10 MG INY
541,DOXORUBICINA ,10 MG INY
542,DOXORUBICINA ,10 MG INY
543,DOXORUBICINA ,10 MG INY
544,DOXORUBICINA ,10 MG INY
545,DOXORUBICINA ,10 MG INY
546,DOXORUBICINA ,10 MG INY
547,DOXORUBICINA ,10 MG INY
548,DOXORUBICINA ,10 MG INY
549,DOXORUBICINA ,10 MG INY
550,DOXORUBICINA ,10 MG INY
551,DOXORUBICINA ,10 MG INY
552,DOXORUBICINA ,10 MG INY
553,DOXORUBICINA ,10 MG INY
554,DOXORUBICINA ,10 MG INY
555,ETOPOSIDO ,100 MG INY 5 ML
556,ETOPOSIDO ,100 MG INY 5 ML
557,ETOPOSIDO ,100 MG INY 5 ML
558,ETOPOSIDO ,100 MG INY 5 ML
559,ETOPOSIDO ,100 MG INY 5 ML
560,ETOPOSIDO ,100 MG INY 5 ML
561,ETOPOSIDO ,100 MG INY 5 ML
562,ETOPOSIDO ,100 MG INY 5 ML
563,ETOPOSIDO ,100 MG INY 5 ML
564,ETOPOSIDO ,100 MG INY 5 ML
565,ETOPOSIDO ,100 MG INY 5 ML
566,ETOPOSIDO ,100 MG INY 5 ML
567,ETOPOSIDO ,100 MG INY 5 ML
568,ETOPOSIDO ,100 MG INY 5 ML
569,ETOPOSIDO ,100 MG INY 5 ML
570,ETOPOSIDO ,100 MG INY 5 ML
571,ETOPOSIDO ,100 MG INY 5 ML
572,ETOPOSIDO ,100 MG INY 5 ML
573,ETOPOSIDO ,100 MG INY 5 ML
574,ETOPOSIDO ,100 MG INY 5 ML
575,ETOPOSIDO ,100 MG INY 5 ML
576,ETOPOSIDO ,100 MG INY 5 ML
577,ETOPOSIDO ,100 MG INY 5 ML
578,ETOPOSIDO ,100 MG INY 5 ML
579,CISPLATINO ,1 MG/ML OTHER 10 ML
580,CISPLATINO ,1 MG/ML OTHER 10 ML
581,CISPLATINO ,1 MG/ML OTHER 10 ML
582,CISPLATINO ,1 MG/ML OTHER 10 ML
583,CISPLATINO ,1 MG/ML OTHER 10 ML
584,CISPLATINO ,1 MG/ML OTHER 10 ML
585,CISPLATINO ,1 MG/ML OTHER 10 ML
586,BLEOMICINA ,15 MG INY
587,BLEOMICINA ,15 MG INY
588,BLEOMICINA ,15 MG INY
589,BLEOMICINA ,15 MG INY
590,Translation failed,
591,BLEOMICINA ,15 MG INY
592,BLEOMICINA ,15 MG INY
593,BLEOMICINA ,15 MG INY
594,BLEOMICINA ,15 MG INY
595,BLEOMICINA ,15 MG INY
596,BLEOMICINA ,15 MG INY
597,DACTINOMICINA ,500 AND INY
598,DACTINOMICINA ,500 AND INY
599,DACTINOMICINA ,500 AND INY
600,DACTINOMICINA ,500 AND INY
601,DACTINOMICINA ,500 AND INY
602,DACTINOMICINA ,500 AND INY
603,DACTINOMICINA ,500 AND INY
604,DACTINOMICINA ,500 AND INY
605,DOCETAXEL ,20 MG/0.5 ML INY 0.5 ML
606,DOCETAXEL ,20 MG/0.5 ML INY 0.5 ML
607,DOCETAXEL ,20 MG/0.5 ML INY 0.5 ML
608,DOCETAXEL ,20 MG/0.5 ML INY 0.5 ML
609,DOCETAXEL ,20 MG/0.5 ML INY 0.5 ML
610,DOCETAXEL ,20 MG/0.5 ML INY 0.5 ML
611,DOCETAXEL ,20 MG/0.5 ML INY 0.5 ML
612,DOCETAXEL ,20 MG/0.5 ML INY 0.5 ML
613,DOCETAXEL ,20 MG/0.5 ML INY 0.5 ML
614,DOCETAXEL ,20 MG/0.5 ML INY 0.5 ML
615,DOCETAXEL ,20 MG/0.5 ML INY 0.5 ML
616,DOXORUBICINA ,10 MG INY
617,DOXORUBICINA ,10 MG INY
618,DOXORUBICINA ,10 MG INY
619,DOXORUBICINA ,10 MG INY
620,DOXORUBICINA ,10 MG INY
621,DOXORUBICINA ,10 MG INY
622,DOXORUBICINA ,10 MG INY
623,DOXORUBICINA ,10 MG INY
624,DOXORUBICINA ,10 MG INY
625,DOXORUBICINA ,10 MG INY
626,CYTARABINE (WITHOUT PRESERVATIVES) ,100 MG INY
627,CYTARABINE (WITHOUT PRESERVATIVES) ,100 MG INY
628,CYTARABINE (WITHOUT PRESERVATIVES) ,100 MG INY
629,CYTARABINE (WITHOUT PRESERVATIVES) ,100 MG INY
630,CYTARABINE (WITHOUT PRESERVATIVES) ,100 MG INY
631,CYTARABINE (WITHOUT PRESERVATIVES) ,100 MG INY
632,CYTARABINE (WITHOUT PRESERVATIVES) ,100 MG INY
633,DACARBAZINA ,200 MG INY
634,DACARBAZINA ,200 MG INY
635,DACARBAZINA ,200 MG INY
636,DACARBAZINA ,200 MG INY
637,DACARBAZINA ,200 MG INY
638,DACARBAZINA ,200 MG INY
639,DACARBAZINA ,200 MG INY
640,DACARBAZINA ,200 MG INY
641,DACARBAZINA ,200 MG INY
642,DACARBAZINA ,200 MG INY
643,DOCETAXEL ,80 MG/2 ML INY 2 ML
644,DOCETAXEL ,80 MG/2 ML INY 2 ML
645,DOCETAXEL ,80 MG/2 ML INY 2 ML
646,DOCETAXEL ,80 MG/2 ML INY 2 ML
647,DOCETAXEL ,80 MG/2 ML INY 2 ML
648,DOCETAXEL ,80 MG/2 ML INY 2 ML
649,DOCETAXEL ,80 MG/2 ML INY 2 ML
650,DOCETAXEL ,80 MG/2 ML INY 2 ML
651,DOCETAXEL ,80 MG/2 ML INY 2 ML
652,DOCETAXEL ,80 MG/2 ML INY 2 ML
653,CARBOPLATINO ,10 MG/ML INY 45 ML
654,CARBOPLATINO ,10 MG/ML INY 45 ML
655,CARBOPLATINO ,10 MG/ML INY 45 ML
656,CARBOPLATINO ,10 MG/ML INY 45 ML
657,CARBOPLATINO ,10 MG/ML INY 45 ML
658,CARBOPLATINO ,10 MG/ML INY 45 ML
659,CARBOPLATINO ,10 MG/ML INY 45 ML
660,CARBOPLATINO ,10 MG/ML INY 45 ML
661,CARBOPLATINO ,10 MG/ML INY 45 ML
662,CARBOPLATINO ,10 MG/ML INY 45 ML
663,CARBOPLATINO ,10 MG/ML INY 45 ML
664,CARBOPLATINO ,10 MG/ML INY 45 ML
665,CARBOPLATINO ,10 MG/ML INY 45 ML
666,CYTARBINE, 500 MG
667,CYTARBINE, 500 MG
668,CYTARBINE, 500 MG
669,CYTARBINE, 500 MG
670,CYTARBINE, 500 MG
671,CYTARBINE, 500 MG
672,CYTARBINE, 500 MG
673,CYTARBINE, 500 MG
674,CYTARBINE, 500 MG
675,CYTARBINE, 500 MG
676,CYTARBINE, 500 MG
677,DOXORUBICINA ,50 MG INY
678,DOXORUBICINA ,50 MG INY
679,DOXORUBICINA ,50 MG INY
680,DOXORUBICINA ,50 MG INY
681,DOXORUBICINA ,50 MG INY
682,DOXORUBICINA ,50 MG INY
683,DOXORUBICINA ,50 MG INY
684,DOXORUBICINA ,50 MG INY
685,DOXORUBICINA ,50 MG INY
686,DOXORUBICINA ,50 MG INY
687,DOXORUBICINA ,50 MG INY
688,DOXORUBICINA ,50 MG INY
689,DOXORUBICINA ,50 MG INY
690,DOXORUBICINA ,50 MG INY
691,DOXORUBICINA ,50 MG INY
692,CARBOPLATINO ,10 MG/ML INY 15 ML
693,CARBOPLATINO ,10 MG/ML INY 15 ML
694,CARBOPLATINO ,10 MG/ML INY 15 ML
695,CARBOPLATINO ,10 MG/ML INY 15 ML
696,CARBOPLATINO ,10 MG/ML INY 15 ML
697,CARBOPLATINO ,10 MG/ML INY 15 ML
698,CARBOPLATINO ,10 MG/ML INY 15 ML
699,CARBOPLATINO ,10 MG/ML INY 15 ML
700,CARBOPLATINO ,10 MG/ML INY 15 ML
701,CARBOPLATINO ,10 MG/ML INY 15 ML
702,CARBOPLATINO ,10 MG/ML INY 15 ML
703,CYCLOPHOSPHAMIDE,1 G
704,CYCLOPHOSPHAMIDE,1 G
705,CYCLOPHOSPHAMIDE,1 G
706,CYCLOPHOSPHAMIDE,1 G
707,CYCLOPHOSPHAMIDE,1 G
708,CYCLOPHOSPHAMIDE,1 G
709,CYCLOPHOSPHAMIDE,1 G
710,CYCLOPHOSPHAMIDE,1 G
711,CYCLOPHOSPHAMIDE,1 G
712,CYCLOPHOSPHAMIDE,1 G
713,CYCLOPHOSPHAMIDE,1 G
714,CYCLOPHOSPHAMIDE,1 G
715,CYCLOPHOSPHAMIDE,1 G
716,CYCLOPHOSPHAMIDE,1 G
717,CYCLOPHOSPHAMIDE,1 G
718,CYCLOPHOSPHAMIDE,1 G
719,CYCLOPHOSPHAMIDE,1 G
720,CYCLOPHOSPHAMIDE,1 G
721,CYCLOPHOSPHAMIDE,1 G
722,CISPLATINO ,1 MG/ML OTHER 50 ML
723,CISPLATINO ,1 MG/ML OTHER 50 ML
724,CISPLATINO ,1 MG/ML OTHER 50 ML
725,CISPLATINO ,1 MG/ML OTHER 50 ML
726,CISPLATINO ,1 MG/ML OTHER 50 ML
727,CISPLATINO ,1 MG/ML OTHER 50 ML
728,CISPLATINO ,1 MG/ML OTHER 50 ML
729,CISPLATINO ,1 MG/ML OTHER 50 ML
730,CISPLATINO ,1 MG/ML OTHER 50 ML
731,CISPLATINO ,1 MG/ML OTHER 50 ML
732,CISPLATINO ,1 MG/ML OTHER 50 ML
733,CISPLATINO ,1 MG/ML OTHER 50 ML
734,ETOPOSIDO ,100 MG INY 5 ML
735,ETOPOSIDO ,100 MG INY 5 ML
736,ETOPOSIDO ,100 MG INY 5 ML
737,ETOPOSIDO ,100 MG INY 5 ML
738,ETOPOSIDO ,100 MG INY 5 ML
739,ETOPOSIDO ,100 MG INY 5 ML
740,ETOPOSIDO ,100 MG INY 5 ML
741,ETOPOSIDO ,100 MG INY 5 ML
742,ETOPOSIDO ,100 MG INY 5 ML
743,ETOPOSIDO ,100 MG INY 5 ML
744,ETOPOSIDO ,100 MG INY 5 ML
745,ETOPOSIDO ,50 MG CAP
746,ETOPOSIDO ,50 MG CAP
747,ETOPOSIDO ,50 MG CAP
748,ETOPOSIDO ,50 MG CAP
749,ETOPOSIDO ,50 MG CAP
750,CISPLATINO ,1 MG/ML OTHER 10 ML
751,CISPLATINO ,1 MG/ML OTHER 10 ML
752,CISPLATINO ,1 MG/ML OTHER 10 ML
753,CISPLATINO ,1 MG/ML OTHER 10 ML
754,CISPLATINO ,1 MG/ML OTHER 10 ML
755,CISPLATINO ,1 MG/ML OTHER 10 ML
756,CISPLATINO ,1 MG/ML OTHER 10 ML
757,CISPLATINO ,1 MG/ML OTHER 10 ML
758,CISPLATINO ,1 MG/ML OTHER 10 ML
759,CYTARABINE (WITHOUT PRESERVATIVES) ,100 MG INY
760,CYTARABINE (WITHOUT PRESERVATIVES) ,100 MG INY
761,CYTARABINE (WITHOUT PRESERVATIVES) ,100 MG INY
762,CYTARABINE (WITHOUT PRESERVATIVES) ,100 MG INY
763,CYTARABINE (WITHOUT PRESERVATIVES) ,100 MG INY
764,CYTARABINE (WITHOUT PRESERVATIVES) ,100 MG INY
765,CYTARBINE, 500 MG
766,CYTARBINE, 500 MG
767,CYTARBINE, 500 MG
768,CYTARBINE, 500 MG
769,CYTARBINE, 500 MG
770,CYTARBINE, 500 MG
771,DOXORUBICINA ,50 MG INY
772,DOXORUBICINA ,50 MG INY
773,DOXORUBICINA ,50 MG INY
774,DOXORUBICINA ,50 MG INY
775,DOXORUBICINA ,50 MG INY
776,DOXORUBICINA ,50 MG INY
777,DOXORUBICINA ,50 MG INY
778,DOXORUBICINA ,50 MG INY
779,DOXORUBICINA ,50 MG INY
780,DOXORUBICINA ,50 MG INY
781,DOXORUBICINA ,50 MG INY
782,DOXORUBICINA ,50 MG INY
783,DOXORUBICINA ,50 MG INY
784,DOXORUBICINA ,50 MG INY
785,DOXORUBICINA ,50 MG INY
786,DOXORUBICINA ,50 MG INY
787,BLEOMICINA ,15 MG INY
788,BLEOMICINA ,15 MG INY
789,BLEOMICINA ,15 MG INY
790,BLEOMICINA ,15 MG INY
791,BLEOMICINA ,15 MG INY
792,BLEOMICINA ,15 MG INY
793,BLEOMICINA ,15 MG INY
794,BLEOMICINA ,15 MG INY
795,BLEOMICINA ,15 MG INY
796,BLEOMICINA ,15 MG INY
797,BLEOMICINA ,15 MG INY
798,BLEOMICINA ,15 MG INY
799,BLEOMICINA ,15 MG INY
800,BLEOMICINA ,15 MG INY
801,CISPLATINO ,1 MG/ML OTHER 50 ML
802,CISPLATINO ,1 MG/ML OTHER 50 ML
803,CISPLATINO ,1 MG/ML OTHER 50 ML
804,CISPLATINO ,1 MG/ML OTHER 50 ML
805,CISPLATINO ,1 MG/ML OTHER 50 ML
806,CISPLATINO ,1 MG/ML OTHER 50 ML
807,CISPLATINO ,1 MG/ML OTHER 50 ML
808,CISPLATINO ,1 MG/ML OTHER 50 ML
809,CISPLATINO ,1 MG/ML OTHER 50 ML
810,CISPLATINO ,1 MG/ML OTHER 50 ML
811,CISPLATINO ,1 MG/ML OTHER 50 ML
812,CISPLATINO ,1 MG/ML OTHER 50 ML
813,CISPLATINO ,1 MG/ML OTHER 50 ML
814,CARBOPLATINO ,10 MG/ML INY 15 ML
815,CARBOPLATINO ,10 MG/ML INY 15 ML
816,CARBOPLATINO ,10 MG/ML INY 15 ML
817,CARBOPLATINO ,10 MG/ML INY 15 ML
818,CARBOPLATINO ,10 MG/ML INY 15 ML
819,CARBOPLATINO ,10 MG/ML INY 15 ML
820,CARBOPLATINO ,10 MG/ML INY 15 ML
821,CARBOPLATINO ,10 MG/ML INY 15 ML
822,CARBOPLATINO ,10 MG/ML INY 15 ML
823,CARBOPLATINO ,10 MG/ML INY 15 ML
824,CARBOPLATINO ,10 MG/ML INY 15 ML
825,CARBOPLATINO ,10 MG/ML INY 45 ML
826,CARBOPLATINO ,10 MG/ML INY 45 ML
827,CARBOPLATINO ,10 MG/ML INY 45 ML
828,CARBOPLATINO ,10 MG/ML INY 45 ML
829,CARBOPLATINO ,10 MG/ML INY 45 ML
830,CARBOPLATINO ,10 MG/ML INY 45 ML
831,CARBOPLATINO ,10 MG/ML INY 45 ML
832,CARBOPLATINO ,10 MG/ML INY 45 ML
833,CARBOPLATINO ,10 MG/ML INY 45 ML
834,CARBOPLATINO ,10 MG/ML INY 45 ML
835,CARBOPLATINO ,10 MG/ML INY 45 ML
836,CARBOPLATINO ,10 MG/ML INY 45 ML
837,CYCLOPHOSPHAMIDE,1 G
838,CYCLOPHOSPHAMIDE,1 G
839,CYCLOPHOSPHAMIDE,1 G
840,CYCLOPHOSPHAMIDE,1 G
841,CYCLOPHOSPHAMIDE,1 G
842,CYCLOPHOSPHAMIDE,1 G
843,CYCLOPHOSPHAMIDE,1 G
844,CYCLOPHOSPHAMIDE,1 G
845,CYCLOPHOSPHAMIDE,1 G
846,CYCLOPHOSPHAMIDE,1 G
847,CYCLOPHOSPHAMIDE,1 G
848,CYCLOPHOSPHAMIDE,1 G
849,CYCLOPHOSPHAMIDE,1 G
850,CYCLOPHOSPHAMIDE,1 G
851,CYCLOPHOSPHAMIDE,1 G
852,CYCLOPHOSPHAMIDE,1 G
853,CYCLOPHOSPHAMIDE,1 G
854,DACARBAZINA ,200 MG INY
855,DACARBAZINA ,200 MG INY
856,DACARBAZINA ,200 MG INY
857,DACARBAZINA ,200 MG INY
858,DACARBAZINA ,200 MG INY
859,DACARBAZINA ,200 MG INY
860,DACARBAZINA ,200 MG INY
861,DACARBAZINA ,200 MG INY
862,DOCETAXEL ,80 MG/2 ML INY 2 ML
863,DOCETAXEL ,80 MG/2 ML INY 2 ML
864,DOCETAXEL ,80 MG/2 ML INY 2 ML
865,DOCETAXEL ,80 MG/2 ML INY 2 ML
866,DOCETAXEL ,80 MG/2 ML INY 2 ML
867,DOCETAXEL ,80 MG/2 ML INY 2 ML
868,DOCETAXEL ,80 MG/2 ML INY 2 ML
869,DOCETAXEL ,80 MG/2 ML INY 2 ML
870,DOCETAXEL ,80 MG/2 ML INY 2 ML
871,DOCETAXEL ,80 MG/2 ML INY 2 ML
872,DOCETAXEL ,80 MG/2 ML INY 2 ML
873,DOCETAXEL ,80 MG/2 ML INY 2 ML
874,DOCETAXEL ,80 MG/2 ML INY 2 ML
875,ETOPOSIDO ,100 MG INY 5 ML
876,ETOPOSIDO ,100 MG INY 5 ML
877,ETOPOSIDO ,100 MG INY 5 ML
878,ETOPOSIDO ,100 MG INY 5 ML
879,ETOPOSIDO ,100 MG INY 5 ML
880,ETOPOSIDO ,100 MG INY 5 ML
881,ETOPOSIDO ,100 MG INY 5 ML
882,ETOPOSIDO ,100 MG INY 5 ML
883,ETOPOSIDO ,100 MG INY 5 ML
884,ETOPOSIDO ,100 MG INY 5 ML
885,ETOPOSIDO ,100 MG INY 5 ML
886,ETOPOSIDO ,100 MG INY 5 ML
887,ETOPOSIDO ,100 MG INY 5 ML
888,ETOPOSIDO ,100 MG INY 5 ML
889,ETOPOSIDO ,100 MG INY 5 ML
890,ETOPOSIDO ,100 MG INY 5 ML
891,BLEOMICINA ,15 MG INY
892,BLEOMICINA ,15 MG INY
893,BLEOMICINA ,15 MG INY
894,BLEOMICINA ,15 MG INY
895,BLEOMICINA ,15 MG INY
896,BLEOMICINA ,15 MG INY
897,BLEOMICINA ,15 MG INY
898,BLEOMICINA ,15 MG INY
899,BLEOMICINA ,15 MG INY
900,BLEOMICINA ,15 MG INY
901,BLEOMICINA ,15 MG INY
902,BLEOMICINA ,15 MG INY
903,BLEOMICINA ,15 MG INY
904,BLEOMICINA ,15 MG INY
905,BLEOMICINA ,15 MG INY
906,BLEOMICINA ,15 MG INY
907,BLEOMICINA ,15 MG INY
908,BLEOMICINA ,15 MG INY
909,BLEOMICINA ,15 MG INY
910,BLEOMICINA ,15 MG INY
911,DOCETAXEL ,80 MG/2 ML INY 2 ML
912,DOCETAXEL ,80 MG/2 ML INY 2 ML
913,DOCETAXEL ,80 MG/2 ML INY 2 ML
914,DOCETAXEL ,80 MG/2 ML INY 2 ML
915,DOCETAXEL ,80 MG/2 ML INY 2 ML
916,DOCETAXEL ,80 MG/2 ML INY 2 ML
917,DOCETAXEL ,80 MG/2 ML INY 2 ML
918,DOCETAXEL ,80 MG/2 ML INY 2 ML
919,DOCETAXEL ,80 MG/2 ML INY 2 ML
920,DOCETAXEL ,80 MG/2 ML INY 2 ML
921,DOCETAXEL ,80 MG/2 ML INY 2 ML
922,DOCETAXEL ,80 MG/2 ML INY 2 ML
923,DOCETAXEL ,80 MG/2 ML INY 2 ML
924,DOCETAXEL ,80 MG/2 ML INY 2 ML
925,ASPARAGINASA ,10000 UI INY
926,ASPARAGINASA ,10000 UI INY
927,ASPARAGINASA ,10000 UI INY
928,ASPARAGINASA ,10000 UI INY
929,ASPARAGINASA ,10000 UI INY
930,ASPARAGINASA ,10000 UI INY
931,ASPARAGINASA ,10000 UI INY
932,ASPARAGINASA ,10000 UI INY
933,ASPARAGINASA ,10000 UI INY
934,CARBOPLATINO ,10 MG/ML INY 15 ML
935,CARBOPLATINO ,10 MG/ML INY 15 ML
936,CARBOPLATINO ,10 MG/ML INY 15 ML
937,CARBOPLATINO ,10 MG/ML INY 15 ML
938,CARBOPLATINO ,10 MG/ML INY 15 ML
939,CARBOPLATINO ,10 MG/ML INY 15 ML
940,CARBOPLATINO ,10 MG/ML INY 15 ML
941,CARBOPLATINO ,10 MG/ML INY 15 ML
942,CARBOPLATINO ,10 MG/ML INY 15 ML
943,CARBOPLATINO ,10 MG/ML INY 15 ML
944,CARBOPLATINO ,10 MG/ML INY 15 ML
945,CARBOPLATINO ,10 MG/ML INY 15 ML
946,CARBOPLATINO ,10 MG/ML INY 15 ML
947,CARBOPLATINO ,10 MG/ML INY 15 ML
948,CARBOPLATINO ,10 MG/ML INY 15 ML
949,CARBOPLATINO ,10 MG/ML INY 15 ML
950,CARBOPLATINO ,10 MG/ML INY 45 ML
951,CARBOPLATINO ,10 MG/ML INY 45 ML
952,CARBOPLATINO ,10 MG/ML INY 45 ML
953,CARBOPLATINO ,10 MG/ML INY 45 ML
954,CARBOPLATINO ,10 MG/ML INY 45 ML
955,CARBOPLATINO ,10 MG/ML INY 45 ML
956,CARBOPLATINO ,10 MG/ML INY 45 ML
957,CARBOPLATINO ,10 MG/ML INY 45 ML
958,CARBOPLATINO ,10 MG/ML INY 45 ML
959,CARBOPLATINO ,10 MG/ML INY 45 ML
960,CARBOPLATINO ,10 MG/ML INY 45 ML
961,CARBOPLATINO ,10 MG/ML INY 45 ML
962,CARBOPLATINO ,10 MG/ML INY 45 ML
963,CARBOPLATINO ,10 MG/ML INY 45 ML
964,CARBOPLATINO ,10 MG/ML INY 45 ML
965,CARBOPLATINO ,10 MG/ML INY 45 ML
966,CARBOPLATINO ,10 MG/ML INY 45 ML
967,CARBOPLATINO ,10 MG/ML INY 45 ML
968,CARBOPLATINO ,10 MG/ML INY 45 ML
969,CISPLATINO ,1 MG/ML OTHER 50 ML
970,CISPLATINO ,1 MG/ML OTHER 50 ML
971,CISPLATINO ,1 MG/ML OTHER 50 ML
972,CISPLATINO ,1 MG/ML OTHER 50 ML
973,CISPLATINO ,1 MG/ML OTHER 50 ML
974,CISPLATINO ,1 MG/ML OTHER 50 ML
975,CISPLATINO ,1 MG/ML OTHER 50 ML
976,CISPLATINO ,1 MG/ML OTHER 50 ML
977,CISPLATINO ,1 MG/ML OTHER 50 ML
978,CISPLATINO ,1 MG/ML OTHER 50 ML
979,CISPLATINO ,1 MG/ML OTHER 50 ML
980,CISPLATINO ,1 MG/ML OTHER 50 ML
981,CISPLATINO ,1 MG/ML OTHER 50 ML
982,CISPLATINO ,1 MG/ML OTHER 50 ML
983,CISPLATINO ,1 MG/ML OTHER 50 ML
984,CISPLATINO ,1 MG/ML OTHER 50 ML
985,CISPLATINO ,1 MG/ML OTHER 50 ML
986,CISPLATINO ,1 MG/ML OTHER 50 ML
987,CISPLATINO ,1 MG/ML OTHER 50 ML
988,CISPLATINO ,1 MG/ML OTHER 50 ML
989,CYTARABINE (WITHOUT PRESERVATIVES) ,100 MG INY
990,CYTARABINE (WITHOUT PRESERVATIVES) ,100 MG INY
991,CYTARABINE (WITHOUT PRESERVATIVES) ,100 MG INY
992,CYTARABINE (WITHOUT PRESERVATIVES) ,100 MG INY
993,CYTARABINE (WITHOUT PRESERVATIVES) ,100 MG INY
994,CYTARABINE (WITHOUT PRESERVATIVES) ,100 MG INY
995,CYTARABINE (WITHOUT PRESERVATIVES) ,100 MG INY
996,CYTARABINE (WITHOUT PRESERVATIVES) ,100 MG INY
997,CYTARABINE (WITHOUT PRESERVATIVES) ,100 MG INY
998,CYTARBINE, 500 MG
999,CYTARBINE, 500 MG
1000,CYTARBINE, 500 MG
1001,CYTARBINE, 500 MG
1002,CYTARBINE, 500 MG
1003,CYTARBINE, 500 MG
1004,CYTARBINE, 500 MG
1005,CYTARBINE, 500 MG
1006,CYTARBINE, 500 MG
1007,CYTARBINE, 500 MG
1008,CYTARBINE, 500 MG
1009,DACARBAZINA ,200 MG INY
1010,DACARBAZINA ,200 MG INY
1011,DACARBAZINA ,200 MG INY
1012,DACARBAZINA ,200 MG INY
1013,DACARBAZINA ,200 MG INY
1014,DACARBAZINA ,200 MG INY
1015,DACARBAZINA ,200 MG INY
1016,DACARBAZINA ,200 MG INY
1017,DACARBAZINA ,200 MG INY
1018,DACARBAZINA ,200 MG INY
1019,DACARBAZINA ,200 MG INY
1020,DACARBAZINA ,200 MG INY
1021,DACARBAZINA ,200 MG INY
1022,DACARBAZINA ,200 MG INY
1023,DACARBAZINA ,200 MG INY
1024,DACARBAZINA ,200 MG INY
1025,DACARBAZINA ,200 MG INY
1026,DACTINOMICINA ,500 AND INY
1027,DACTINOMICINA ,500 AND INY
1028,DACTINOMICINA ,500 AND INY
1029,DACTINOMICINA ,500 AND INY
1030,DACTINOMICINA ,500 AND INY
1031,DACTINOMICINA ,500 AND INY
1032,DACTINOMICINA ,500 AND INY
1033,DACTINOMICINA ,500 AND INY
1034,DACTINOMICINA ,500 AND INY
1035,DACTINOMICINA ,500 AND INY
1036,DACTINOMICINA ,500 AND INY
1037,DACTINOMICINA ,500 AND INY
1038,DACTINOMICINA ,500 AND INY
1039,DOCETAXEL ,20 MG/0.5 ML INY 0.5 ML
1040,DOCETAXEL ,20 MG/0.5 ML INY 0.5 ML
1041,DOCETAXEL ,20 MG/0.5 ML INY 0.5 ML
1042,DOCETAXEL ,20 MG/0.5 ML INY 0.5 ML
1043,DOCETAXEL ,20 MG/0.5 ML INY 0.5 ML
1044,DOCETAXEL ,20 MG/0.5 ML INY 0.5 ML
1045,DOCETAXEL ,20 MG/0.5 ML INY 0.5 ML
1046,DOCETAXEL ,20 MG/0.5 ML INY 0.5 ML
1047,DOCETAXEL ,20 MG/0.5 ML INY 0.5 ML
1048,DOCETAXEL ,20 MG/0.5 ML INY 0.5 ML
1049,DOCETAXEL ,20 MG/0.5 ML INY 0.5 ML
1050,DOCETAXEL ,20 MG/0.5 ML INY 0.5 ML
1051,DOCETAXEL ,20 MG/0.5 ML INY 0.5 ML
1052,DOCETAXEL ,20 MG/0.5 ML INY 0.5 ML
1053,DOXORUBICINA ,10 MG INY
1054,DOXORUBICINA ,10 MG INY
1055,DOXORUBICINA ,10 MG INY
1056,DOXORUBICINA ,10 MG INY
1057,DOXORUBICINA ,10 MG INY
1058,DOXORUBICINA ,10 MG INY
1059,DOXORUBICINA ,10 MG INY
1060,DOXORUBICINA ,10 MG INY
1061,DOXORUBICINA ,10 MG INY
1062,DOXORUBICINA ,10 MG INY
1063,DOXORUBICINA ,10 MG INY
1064,DOXORUBICINA ,50 MG INY
1065,DOXORUBICINA ,50 MG INY
1066,DOXORUBICINA ,50 MG INY
1067,DOXORUBICINA ,50 MG INY
1068,DOXORUBICINA ,50 MG INY
1069,DOXORUBICINA ,50 MG INY
1070,DOXORUBICINA ,50 MG INY
1071,DOXORUBICINA ,50 MG INY
1072,DOXORUBICINA ,50 MG INY
1073,DOXORUBICINA ,50 MG INY
1074,DOXORUBICINA ,50 MG INY
1075,DOXORUBICINA ,50 MG INY
1076,DOXORUBICINA ,50 MG INY
1077,DOXORUBICINA ,50 MG INY
1078,DOXORUBICINA ,50 MG INY
1079,DOXORUBICINA ,50 MG INY
1080,DOXORUBICINA ,50 MG INY
1081,DOXORUBICINA ,50 MG INY
1082,DOXORUBICINA ,50 MG INY
1083,CYCLOPHOSPHAMIDE,1 G
1084,CYCLOPHOSPHAMIDE,1 G
1085,CYCLOPHOSPHAMIDE,1 G
1086,CYCLOPHOSPHAMIDE,1 G
1087,CYCLOPHOSPHAMIDE,1 G
1088,CYCLOPHOSPHAMIDE,1 G
1089,CYCLOPHOSPHAMIDE,1 G
1090,CYCLOPHOSPHAMIDE,1 G
1091,CYCLOPHOSPHAMIDE,1 G
1092,CYCLOPHOSPHAMIDE,1 G
1093,CYCLOPHOSPHAMIDE,1 G
1094,CYCLOPHOSPHAMIDE,1 G
1095,CYCLOPHOSPHAMIDE,1 G
1096,CYCLOPHOSPHAMIDE,1 G
1097,CYCLOPHOSPHAMIDE,1 G
1098,CYCLOPHOSPHAMIDE,1 G
1099,CYCLOPHOSPHAMIDE,1 G
1100,CYCLOPHOSPHAMIDE,1 G
1101,CARBOPLATINO ,150 MG INY
1102,CARBOPLATINO ,150 MG INY
1103,CARBOPLATINO ,150 MG INY
1104,CARBOPLATINO ,150 MG INY
1105,CARBOPLATINO ,150 MG INY
1106,CYCLOPHOSPHAMIDE,1 G
1107,CYCLOPHOSPHAMIDE,1 G
1108,CYCLOPHOSPHAMIDE,1 G
1109,CYCLOPHOSPHAMIDE,1 G
1110,CYCLOPHOSPHAMIDE,1 G
1111,CYCLOPHOSPHAMIDE,1 G
1112,CYCLOPHOSPHAMIDE,1 G
1113,CYCLOPHOSPHAMIDE,1 G
1114,CYCLOPHOSPHAMIDE,1 G
1115,CYCLOPHOSPHAMIDE,1 G
1116,CYCLOPHOSPHAMIDE,1 G
1117,CYCLOPHOSPHAMIDE,1 G
1118,CYCLOPHOSPHAMIDE,1 G
1119,CYCLOPHOSPHAMIDE,1 G
1120,CYCLOPHOSPHAMIDE,1 G
1121,CYCLOPHOSPHAMIDE,1 G
1122,CYCLOPHOSPHAMIDE,1 G
1123,CYCLOPHOSPHAMIDE,1 G
1124,CYCLOPHOSPHAMIDE,1 G
1125,CYCLOPHOSPHAMIDE,1 G
1126,CYCLOPHOSPHAMIDE,1 G
1127,CYCLOPHOSPHAMIDE,1 G
1128,CYCLOPHOSPHAMIDE,1 G
1129,CYCLOPHOSPHAMIDE,1 G
1130,CYCLOPHOSPHAMIDE,1 G
1131,CYCLOPHOSPHAMIDE,1 G
1132,DOCETAXEL ,20 MG/0.5 ML INY 0.5 ML
1133,DOCETAXEL ,20 MG/0.5 ML INY 0.5 ML
1134,DOCETAXEL ,20 MG/0.5 ML INY 0.5 ML
1135,DOCETAXEL ,20 MG/0.5 ML INY 0.5 ML
1136,DOCETAXEL ,20 MG/0.5 ML INY 0.5 ML
1137,DOCETAXEL ,20 MG/0.5 ML INY 0.5 ML
1138,DOCETAXEL ,20 MG/0.5 ML INY 0.5 ML
1139,DOCETAXEL ,20 MG/0.5 ML INY 0.5 ML
1140,DOCETAXEL ,20 MG/0.5 ML INY 0.5 ML
1141,DOCETAXEL ,20 MG/0.5 ML INY 0.5 ML
1142,DOCETAXEL ,80 MG/2 ML INY 2 ML
1143,DOCETAXEL ,80 MG/2 ML INY 2 ML
1144,DOCETAXEL ,80 MG/2 ML INY 2 ML
1145,DOCETAXEL ,80 MG/2 ML INY 2 ML
1146,DOCETAXEL ,80 MG/2 ML INY 2 ML
1147,DOCETAXEL ,80 MG/2 ML INY 2 ML
1148,DOCETAXEL ,80 MG/2 ML INY 2 ML
1149,DOCETAXEL ,80 MG/2 ML INY 2 ML
1150,DOCETAXEL ,80 MG/2 ML INY 2 ML
1151,DOCETAXEL ,80 MG/2 ML INY 2 ML
1152,DOCETAXEL ,80 MG/2 ML INY 2 ML
1153,DOCETAXEL ,80 MG/2 ML INY 2 ML
1154,DOCETAXEL ,80 MG/2 ML INY 2 ML
1155,ETOPOSIDO ,100 MG INY 5 ML
1156,ETOPOSIDO ,100 MG INY 5 ML
1157,ETOPOSIDO ,100 MG INY 5 ML
1158,ETOPOSIDO ,100 MG INY 5 ML
1159,ETOPOSIDO ,100 MG INY 5 ML
1160,ETOPOSIDO ,100 MG INY 5 ML
1161,ETOPOSIDO ,100 MG INY 5 ML
1162,ETOPOSIDO ,100 MG INY 5 ML
1163,ETOPOSIDO ,100 MG INY 5 ML
1164,ETOPOSIDO ,100 MG INY 5 ML
1165,ETOPOSIDO ,100 MG INY 5 ML
1166,ETOPOSIDO ,100 MG INY 5 ML
1167,ETOPOSIDO ,100 MG INY 5 ML
1168,ETOPOSIDO ,100 MG INY 5 ML
1169,ETOPOSIDO ,100 MG INY 5 ML
1170,CYTARBINE, 500 MG
1171,CYTARBINE, 500 MG
1172,CYTARBINE, 500 MG
1173,CYTARBINE, 500 MG
1174,CYTARBINE, 500 MG
1175,CYTARBINE, 500 MG
1176,CYTARBINE, 500 MG
1177,CYTARBINE, 500 MG
1178,CYTARBINE, 500 MG
1179,DOXORUBICINA ,10 MG INY
1180,DOXORUBICINA ,10 MG INY
1181,DOXORUBICINA ,10 MG INY
1182,DOXORUBICINA ,10 MG INY
1183,DOXORUBICINA ,10 MG INY
1184,DOXORUBICINA ,10 MG INY
1185,DOXORUBICINA ,10 MG INY
1186,DOXORUBICINA ,10 MG INY
1187,DOXORUBICINA ,10 MG INY
1188,CISPLATINO ,1 MG/ML OTHER 10 ML
1189,CISPLATINO ,1 MG/ML OTHER 10 ML
1190,CISPLATINO ,1 MG/ML OTHER 10 ML
1191,CISPLATINO ,1 MG/ML OTHER 10 ML
1192,CISPLATINO ,1 MG/ML OTHER 10 ML
1193,CISPLATINO ,1 MG/ML OTHER 10 ML
1194,CISPLATINO ,1 MG/ML OTHER 10 ML
1195,"CISPLATIN, ",50 MG - INJECTABLE
1196,"CISPLATIN, ",50 MG - INJECTABLE
1197,"CISPLATIN, ",50 MG - INJECTABLE
1198,"CISPLATIN, ",50 MG - INJECTABLE
1199,"CISPLATIN, ",50 MG - INJECTABLE
1200,"CISPLATIN, ",50 MG - INJECTABLE
1201,"CISPLATIN, ",50 MG - INJECTABLE
1202,"CISPLATIN, ",50 MG - INJECTABLE
1203,"CISPLATIN, ",50 MG - INJECTABLE
1204,"CISPLATIN, ",50 MG - INJECTABLE
1205,"CISPLATIN, ",50 MG - INJECTABLE
1206,"CISPLATIN, ",50 MG - INJECTABLE
1207,"CISPLATIN, ",50 MG - INJECTABLE
1208,CARBOPLATINO ,450 MG INY
1209,CARBOPLATINO ,450 MG INY
1210,CARBOPLATINO ,450 MG INY
1211,CARBOPLATINO ,450 MG INY
1212,CARBOPLATINO ,450 MG INY
1213,CARBOPLATINO ,450 MG INY
1214,BLEOMICINA ,15 MG INY
1215,BLEOMICINA ,15 MG INY
1216,BLEOMICINA ,15 MG INY
1217,BLEOMICINA ,15 MG INY
1218,BLEOMICINA ,15 MG INY
1219,BLEOMICINA ,15 MG INY
1220,BLEOMICINA ,15 MG INY
1221,BLEOMICINA ,15 MG INY
1222,BLEOMICINA ,15 MG INY
1223,BLEOMICINA ,15 MG INY
1224,BLEOMICINA ,15 MG INY
1225,BLEOMICINA ,15 MG INY
1226,BLEOMICINA ,15 MG INY
1227,BLEOMICINA ,15 MG INY
1228,CYTARABINE (WITHOUT PRESERVATIVES) ,100 MG INY
1229,CYTARABINE (WITHOUT PRESERVATIVES) ,100 MG INY
1230,CYTARABINE (WITHOUT PRESERVATIVES) ,100 MG INY
1231,CYTARABINE (WITHOUT PRESERVATIVES) ,100 MG INY
1232,CYTARABINE (WITHOUT PRESERVATIVES) ,100 MG INY
1233,CYTARABINE (WITHOUT PRESERVATIVES) ,100 MG INY
1234,DACARBAZINA ,200 MG INY
1235,DACARBAZINA ,200 MG INY
1236,DACARBAZINA ,200 MG INY
1237,DACARBAZINA ,200 MG INY
1238,DACARBAZINA ,200 MG INY
1239,DACARBAZINA ,200 MG INY
1240,DACARBAZINA ,200 MG INY
1241,DACARBAZINA ,200 MG INY
1242,DACARBAZINA ,200 MG INY
1243,DACARBAZINA ,200 MG INY
1244,DOXORUBICINA ,50 MG INY
1245,DOXORUBICINA ,50 MG INY
1246,DOXORUBICINA ,50 MG INY
1247,DOXORUBICINA ,50 MG INY
1248,DOXORUBICINA ,50 MG INY
1249,DOXORUBICINA ,50 MG INY
1250,DOXORUBICINA ,50 MG INY
1251,DOXORUBICINA ,50 MG INY
1252,DOXORUBICINA ,50 MG INY
1253,DOXORUBICINA ,50 MG INY
1254,DOXORUBICINA ,50 MG INY
1255,DOXORUBICINA ,50 MG INY
1256,DOXORUBICINA ,50 MG INY
1257,CYCLOPHOSPHAMIDE,200 MG
1258,CYCLOPHOSPHAMIDE,200 MG
1259,CYCLOPHOSPHAMIDE,200 MG
1260,CYCLOPHOSPHAMIDE,200 MG
1261,CYCLOPHOSPHAMIDE,200 MG
1262,CYCLOPHOSPHAMIDE,200 MG
1263,CYCLOPHOSPHAMIDE,200 MG
1264,CYCLOPHOSPHAMIDE,200 MG
1265,CYCLOPHOSPHAMIDE,200 MG
1266,CYCLOPHOSPHAMIDE,200 MG
1267,CYCLOPHOSPHAMIDE,200 MG
1268,CYCLOPHOSPHAMIDE,200 MG
1269,DACTINOMICINA ,500 AND INY
1270,DACTINOMICINA ,500 AND INY
1271,DACTINOMICINA ,500 AND INY
1272,DACTINOMICINA ,500 AND INY
1273,BLEOMICINA ,15 MG INY
1274,BLEOMICINA ,15 MG INY
1275,BLEOMICINA ,15 MG INY
1276,BLEOMICINA ,15 MG INY
1277,BLEOMICINA ,15 MG INY
1278,BLEOMICINA ,15 MG INY
1279,BLEOMICINA ,15 MG INY
1280,BLEOMICINA ,15 MG INY
1281,BLEOMICINA ,15 MG INY
1282,BLEOMICINA ,15 MG INY
1283,BLEOMICINA ,15 MG INY
1284,BLEOMICINA ,15 MG INY
1285,BLEOMICINA ,15 MG INY
1286,BLEOMICINA ,15 MG INY
1287,CARBOPLATINO ,150 MG INY
1288,CARBOPLATINO ,150 MG INY
1289,CARBOPLATINO ,150 MG INY
1290,CARBOPLATINO ,150 MG INY
1291,CARBOPLATINO ,150 MG INY
1292,CARBOPLATINO ,150 MG INY
1293,CARBOPLATINO ,150 MG INY
1294,CARBOPLATINO ,150 MG INY
1295,CYCLOPHOSPHAMIDE,1 G
1296,CYCLOPHOSPHAMIDE,1 G
1297,CYCLOPHOSPHAMIDE,1 G
1298,CYCLOPHOSPHAMIDE,1 G
1299,CYCLOPHOSPHAMIDE,1 G
1300,CYCLOPHOSPHAMIDE,1 G
1301,CYCLOPHOSPHAMIDE,1 G
1302,CYCLOPHOSPHAMIDE,1 G
1303,CYCLOPHOSPHAMIDE,1 G
1304,CYCLOPHOSPHAMIDE,1 G
1305,CYCLOPHOSPHAMIDE,1 G
1306,CYCLOPHOSPHAMIDE,1 G
1307,CYCLOPHOSPHAMIDE,1 G
1308,CYCLOPHOSPHAMIDE,1 G
1309,CYCLOPHOSPHAMIDE,1 G
1310,CYCLOPHOSPHAMIDE,1 G
1311,CYCLOPHOSPHAMIDE,1 G
1312,CYCLOPHOSPHAMIDE,1 G
1313,CYCLOPHOSPHAMIDE,1 G
1314,CYCLOPHOSPHAMIDE,1 G
1315,CYCLOPHOSPHAMIDE,1 G
1316,CYCLOPHOSPHAMIDE,1 G
1317,CYCLOPHOSPHAMIDE,1 G
1318,CISPLATINO ,1 MG/ML OTHER 10 ML
1319,CISPLATINO ,1 MG/ML OTHER 10 ML
1320,CISPLATINO ,1 MG/ML OTHER 10 ML
1321,CISPLATINO ,1 MG/ML OTHER 10 ML
1322,CISPLATINO ,1 MG/ML OTHER 10 ML
1323,CISPLATINO ,1 MG/ML OTHER 10 ML
1324,"CISPLATIN, ",50 MG - INJECTABLE
1325,"CISPLATIN, ",50 MG - INJECTABLE
1326,"CISPLATIN, ",50 MG - INJECTABLE
1327,"CISPLATIN, ",50 MG - INJECTABLE
1328,"CISPLATIN, ",50 MG - INJECTABLE
1329,"CISPLATIN, ",50 MG - INJECTABLE
1330,"CISPLATIN, ",50 MG - INJECTABLE
1331,"CISPLATIN, ",50 MG - INJECTABLE
1332,"CISPLATIN, ",50 MG - INJECTABLE
1333,"CISPLATIN, ",50 MG - INJECTABLE
1334,CYTARABINE (WITHOUT PRESERVATIVES) ,100 MG INY
1335,CYTARABINE (WITHOUT PRESERVATIVES) ,100 MG INY
1336,CYTARABINE (WITHOUT PRESERVATIVES) ,100 MG INY
1337,CYTARABINE (WITHOUT PRESERVATIVES) ,100 MG INY
1338,CYTARABINE (WITHOUT PRESERVATIVES) ,100 MG INY
1339,CYTARABINE (WITHOUT PRESERVATIVES) ,100 MG INY
1340,CYTARABINE (WITHOUT PRESERVATIVES) ,100 MG INY
1341,CYTARABINE (WITHOUT PRESERVATIVES) ,100 MG INY
1342,DOCETAXEL ,20 MG/0.5 ML INY 0.5 ML
1343,DOCETAXEL ,20 MG/0.5 ML INY 0.5 ML
1344,DOCETAXEL ,20 MG/0.5 ML INY 0.5 ML
1345,DOCETAXEL ,20 MG/0.5 ML INY 0.5 ML
1346,DOCETAXEL ,20 MG/0.5 ML INY 0.5 ML
1347,DOCETAXEL ,20 MG/0.5 ML INY 0.5 ML
1348,DOCETAXEL ,20 MG/0.5 ML INY 0.5 ML
1349,DOCETAXEL ,20 MG/0.5 ML INY 0.5 ML
1350,DOCETAXEL ,80 MG/2 ML INY 2 ML
1351,DOCETAXEL ,80 MG/2 ML INY 2 ML
1352,DOCETAXEL ,80 MG/2 ML INY 2 ML
1353,DOCETAXEL ,80 MG/2 ML INY 2 ML
1354,DOCETAXEL ,80 MG/2 ML INY 2 ML
1355,DOCETAXEL ,80 MG/2 ML INY 2 ML
1356,DOCETAXEL ,80 MG/2 ML INY 2 ML
1357,DOCETAXEL ,80 MG/2 ML INY 2 ML
1358,DOCETAXEL ,80 MG/2 ML INY 2 ML
1359,DOCETAXEL ,80 MG/2 ML INY 2 ML
1360,DOCETAXEL ,80 MG/2 ML INY 2 ML
1361,DOCETAXEL ,80 MG/2 ML INY 2 ML
1362,ETOPOSIDO ,100 MG INY 5 ML
1363,ETOPOSIDO ,100 MG INY 5 ML
1364,ETOPOSIDO ,100 MG INY 5 ML
1365,ETOPOSIDO ,100 MG INY 5 ML
1366,ETOPOSIDO ,100 MG INY 5 ML
1367,ETOPOSIDO ,100 MG INY 5 ML
1368,ETOPOSIDO ,100 MG INY 5 ML
1369,ETOPOSIDO ,100 MG INY 5 ML
1370,ETOPOSIDO ,100 MG INY 5 ML
1371,ETOPOSIDO ,100 MG INY 5 ML
1372,ASPARAGINASA ,10000 UI INY
1373,ASPARAGINASA ,10000 UI INY
1374,ASPARAGINASA ,10000 UI INY
1375,ASPARAGINASA ,10000 UI INY
1376,ASPARAGINASA ,10000 UI INY
1377,CARBOPLATINO ,450 MG INY
1378,CARBOPLATINO ,450 MG INY
1379,CARBOPLATINO ,450 MG INY
1380,CARBOPLATINO ,450 MG INY
1381,CARBOPLATINO ,450 MG INY
1382,CARBOPLATINO ,450 MG INY
1383,CARBOPLATINO ,450 MG INY
1384,CARBOPLATINO ,450 MG INY
1385,CARBOPLATINO ,450 MG INY
1386,CARBOPLATINO ,450 MG INY
1387,CARBOPLATINO ,450 MG INY
1388,CARBOPLATINO ,450 MG INY
1389,CYTARBINE, 500 MG
1390,CYTARBINE, 500 MG
1391,CYTARBINE, 500 MG
1392,CYTARBINE, 500 MG
1393,CYTARBINE, 500 MG
1394,CYTARBINE, 500 MG
1395,DACARBAZINA ,200 MG INY
1396,DACARBAZINA ,200 MG INY
1397,DACARBAZINA ,200 MG INY
1398,DACARBAZINA ,200 MG INY
1399,DACARBAZINA ,200 MG INY
1400,DACARBAZINA ,200 MG INY
1401,DACARBAZINA ,200 MG INY
1402,DACARBAZINA ,200 MG INY
1403,DACARBAZINA ,200 MG INY
1404,DACARBAZINA ,200 MG INY
1405,DOXORUBICINA ,10 MG INY
1406,DOXORUBICINA ,10 MG INY
1407,DOXORUBICINA ,10 MG INY
1408,DOXORUBICINA ,10 MG INY
1409,DOXORUBICINA ,10 MG INY
1410,DOXORUBICINA ,50 MG INY
1411,DOXORUBICINA ,50 MG INY
1412,DOXORUBICINA ,50 MG INY
1413,DOXORUBICINA ,50 MG INY
1414,DOXORUBICINA ,50 MG INY
1415,DOXORUBICINA ,50 MG INY
1416,DOXORUBICINA ,50 MG INY
1417,DOXORUBICINA ,50 MG INY
1418,DOXORUBICINA ,50 MG INY
1419,DOXORUBICINA ,50 MG INY
1420,CYCLOPHOSPHAMIDE,200 MG
1421,CYCLOPHOSPHAMIDE,200 MG
1422,CYCLOPHOSPHAMIDE,200 MG
1423,CYCLOPHOSPHAMIDE,200 MG
1424,CYCLOPHOSPHAMIDE,200 MG
1425,CYCLOPHOSPHAMIDE,200 MG
1426,CYCLOPHOSPHAMIDE,200 MG
1427,CYCLOPHOSPHAMIDE,200 MG
